Date,HSI,HSTECH,USDCNH,VHSI,BTC
2018-01-02,30515.31,,6.4983,19.754107,14859
2018-01-03,30560.95,,6.4983,19.421844,14881
2018-01-04,30736.48,,6.4983,19.459358,15038
2018-01-05,30814.64,,6.4983,19.459358,16556
2018-01-08,30899.53,,6.4983,19.62013,14684
2018-01-09,31011.41,,6.4983,19.920238,14409
2018-01-10,31073.72,,6.4983,19.780902,14451
2018-01-11,31120.39,,6.4983,19.813057,13089
2018-01-12,31412.54,,6.4983,19.963111,13908
2018-01-15,31338.87,,6.4283,19.963111,13812
2018-01-16,31904.75,,6.4283,20.766972,11062
2018-01-17,31983.41,,6.4283,20.900949,11086
2018-01-18,32121.94,,6.4283,21.067081,11287
2018-01-19,32254.89,,6.4283,20.557968,11390
2018-01-22,32393.41,,6.3678,20.429351,10661
2018-01-23,32930.7,,6.3678,20.466864,11050
2018-01-24,32958.69,,6.3678,20.66515,11099
2018-01-25,32654.45,,6.3678,20.7241,11161
2018-01-26,33154.12,,6.3678,20.456146,10965
2018-01-29,32966.89,,6.3059,21.935251,11050
2018-01-30,32607.29,,6.3059,22.444363,10194
2018-01-31,32887.27,,6.3059,21.774479,10081
2018-02-01,32642.09,,6.3059,21.736965,8992.81
2018-02-02,32601.78,,6.3059,23.79485,8576.33
2018-02-05,32245.22,,6.296,34.51836,6844.63
2018-02-06,30595.42,,6.296,30.584799,7645.26
2018-02-07,30323.2,,6.296,29.379007,7867.82
2018-02-08,30451.27,,6.296,32.449757,8223.68
2018-02-09,29507.42,,6.296,30.091764,8561.64
2018-02-12,29459.63,,6.3413,28.242883,8880.99
2018-02-13,29839.53,,6.3413,27.899902,8539.71
2018-02-14,30515.6,,6.3413,24.83987,9433.96
2018-02-15,31115.43,,6.3413,24.770202,10070
2018-02-20,30873.63,,6.3413,25.557986,11429
2018-02-21,31431.89,,6.3413,25.24716,10449
2018-02-22,30965.68,,6.3413,24.55048,9960.16
2018-02-23,31267.17,,6.3413,23.355406,9980.04
2018-02-26,31498.6,,6.3288,22.98563,10352
2018-02-27,31268.66,,6.3288,24.480812,10741
2018-02-28,30844.72,,6.3288,25.156055,10428
2018-03-01,31044.25,,6.3288,26.560133,10965
2018-03-02,30583.45,,6.3288,25.016719,11050
2018-03-05,29886.39,,6.3327,24.555839,11561
2018-03-06,30510.73,,6.3327,24.357553,10764
2018-03-07,30196.92,,6.3327,24.036009,9930.49
2018-03-08,30654.52,,6.3327,23.382201,9276.44
2018-03-09,30996.21,,6.3327,22.363977,8992.81
2018-03-12,31594.33,,6.3222,22.974912,9049.77
2018-03-13,31601.45,,6.3222,23.280379,9157.51
2018-03-14,31435.01,,6.3222,23.751978,8169.93
2018-03-15,31541.1,,6.3222,23.408997,8326.39
2018-03-16,31501.97,,6.3222,22.98563,8525.15
2018-03-19,31513.76,,6.3289,24.711252,8496.18
2018-03-20,31549.93,,6.3289,24.271808,8952.55
2018-03-21,31414.52,,6.3289,24.089599,8849.56
2018-03-22,31071.05,,6.3289,27.026373,8695.65
2018-03-23,30309.29,,6.3289,27.846311,8620.69
2018-03-26,30548.77,,6.2842,25.788426,7886.44
2018-03-27,30790.83,,6.2842,26.57621,8000
2018-03-28,30022.53,,6.2842,26.774496,7874.02
2018-03-29,30093.38,,6.2842,25.220364,7052.19
2018-04-03,30180.1,,6.2842,25.82594,7429.42
2018-04-04,29518.69,,6.2842,25.268596,6830.6
2018-04-06,29844.94,,6.2842,26.034944,6622.52
2018-04-09,30229.58,,6.2904,26.184998,6715.92
2018-04-10,30728.74,,6.2904,25.488318,6854.01
2018-04-11,30897.71,,6.2904,25.365059,6901.31
2018-04-12,30831.28,,6.2904,24.427221,7824.73
2018-04-13,30808.38,,6.2904,23.848441,8097.17
2018-04-16,30315.59,,6.2836,23.392919,7993.61
2018-04-17,30062.75,,6.2836,22.690881,7911.39
2018-04-18,30284.25,,6.2836,22.878448,8190.01
2018-04-19,30708.44,,6.2836,23.071375,8271.3
2018-04-20,30418.33,,6.2836,23.56441,8517.89
2018-04-23,30254.4,,6.3202,23.27502,8936.55
2018-04-24,30636.24,,6.3202,24.175344,9469.7
2018-04-25,30328.15,,6.3202,24.078881,9165.9
2018-04-26,30007.68,,6.3202,23.221429,9090.91
2018-04-27,30280.67,,6.3202,22.776626,9090.91
2018-04-30,30808.45,,6.3515,23.055298,9216.59
2018-05-02,30723.88,,6.3515,23.076734,9233.61
2018-05-03,30313.37,,6.3515,23.03922,9652.51
2018-05-04,29926.5,,6.3515,22.433645,9652.51
2018-05-07,29994.26,,6.3564,22.422927,9389.67
2018-05-08,30402.81,,6.3564,22.40149,9182.74
2018-05-09,30536.14,,6.3564,21.71017,9242.14
2018-05-10,30809.22,,6.3564,21.608347,9099.18
2018-05-11,31122.06,,6.3564,21.297521,8605.85
2018-05-14,31541.08,,6.3645,21.447575,8726
2018-05-15,31152.03,,6.3645,22.358618,8496.18
2018-05-16,31110.2,,6.3645,21.71017,8285
2018-05-17,30942.15,,6.3645,21.715529,8149.96
2018-05-18,31047.91,,6.3645,21.71017,8230.45
2018-05-21,31234.35,,6.3834,21.527961,8382.23
2018-05-23,30665.64,,6.3834,21.260007,7639.42
2018-05-24,30760.41,,6.3834,21.233212,7530.12
2018-05-25,30588.04,,6.3834,21.602988,7423.9
2018-05-28,30792.26,,6.4122,21.602988,7163.32
2018-05-29,30484.58,,6.4122,23.639437,7490.64
2018-05-30,30056.79,,6.4122,22.524749,7336.76
2018-05-31,30468.56,,6.4122,22.787344,7547.17
2018-06-01,30492.91,,6.4122,21.731606,7434.94
2018-06-04,30997.98,,6.4011,21.345753,7535.8
2018-06-05,31093.45,,6.4011,21.163544,7587.25
2018-06-06,31259.1,,6.4011,20.756254,7662.84
2018-06-07,31512.63,,6.4011,21.018849,7662.84
2018-06-08,30958.21,,6.4011,21.045644,7639.42
2018-06-11,31063.7,,6.405,21.136749,6770.48
2018-06-12,31103.06,,6.405,21.13139,6548.79
2018-06-13,30725.15,,6.405,21.452934,6277.46
2018-06-14,30440.17,,6.405,21.01349,6648.94
2018-06-15,30309.49,,6.405,20.938463,6548.79
2018-06-19,29468.15,,6.405,21.672656,6720.43
2018-06-20,29696.17,,6.405,21.372548,6720.43
2018-06-21,29296.05,,6.405,22.363977,6706.91
2018-06-22,29338.7,,6.405,21.897737,6195.79
2018-06-25,28961.39,,6.5905,23.805568,6261.74
2018-06-26,28881.4,,6.5905,23.049939,6222.78
2018-06-27,28356.26,,6.5905,24.116395,6119.95
2018-06-28,28497.32,,6.5905,23.548333,5917.16
2018-06-29,28955.11,,6.5905,23.141043,5882.35
2018-07-03,28545.57,,6.5905,23.167838,6609.39
2018-07-04,28241.67,,6.5905,23.167838,6688.96
2018-07-05,28182.09,,6.5905,22.540826,6493.51
2018-07-06,28315.62,,6.5905,21.683374,6570.3
2018-07-09,28688.5,,6.6601,21.318957,6711.41
2018-07-10,28682.25,,6.6601,21.292162,6373.49
2018-07-11,28311.69,,6.6601,21.82271,6361.32
2018-07-12,28480.83,,6.6601,21.260007,6169.03
2018-07-13,28525.44,,6.6601,21.045644,6176.65
2018-07-16,28539.66,,6.7313,21.393984,6662.23
2018-07-17,28181.68,,6.7313,20.981335,7358.35
2018-07-18,28117.42,,6.7313,21.002772,7331.38
2018-07-19,28010.86,,6.7313,21.415421,7434.94
2018-07-20,28224.48,,6.7313,21.410061,7342.14
2018-07-23,28256.12,,6.7921,21.281444,7751.94
2018-07-24,28662.57,,6.7921,21.168903,8257.64
2018-07-25,28920.9,,6.7921,21.104594,8278.15
2018-07-26,28781.14,,6.7921,21.024208,7949.13
2018-07-27,28804.28,,6.7921,21.501166,8223.68
2018-07-30,28733.13,,6.8265,22.160332,8123.48
2018-07-31,28583.01,,6.8265,21.393984,7710.1
2018-08-01,28340.74,,6.8265,21.565475,7479.43
2018-08-02,27714.56,,6.8265,21.051003,7530.12
2018-08-03,27676.32,,6.8265,20.756254,7374.63
2018-08-06,27819.56,,6.8355,20.557968,6863.42
2018-08-07,28248.88,,6.8355,20.37576,6738.54
2018-08-08,28359.14,,6.8355,20.332887,6293.27
2018-08-09,28607.3,,6.8355,20.557968,6587.62
2018-08-10,28366.62,,6.8355,21.570834,6397.95
2018-08-13,27936.57,,6.893,22.439004,6242.2
2018-08-14,27752.93,,6.893,21.65122,6116.21
2018-08-15,27323.59,,6.893,22.363977,6418.49
2018-08-16,27100.06,,6.893,21.726247,6277.46
2018-08-17,27213.41,,6.893,21.292162,6497.73
2018-08-20,27598.02,,6.8545,21.211776,6422.61
2018-08-21,27752.79,,6.8545,21.410061,6464.12
2018-08-22,27927.58,,6.8545,21.083158,6369.43
2018-08-23,27790.46,,6.8545,21.168903,6476.68
2018-08-24,27671.87,,6.8545,20.943822,6622.52
2018-08-27,28271.27,,6.8252,21.034926,6729.48
2018-08-28,28351.62,,6.8252,21.217135,7067.14
2018-08-29,28416.44,,6.8252,21.083158,7062.15
2018-08-30,28164.05,,6.8252,21.76912,6939.63
2018-08-31,27888.55,,6.8252,21.410061,7042.25
2018-09-03,27712.54,,6.8337,21.410061,7309.94
2018-09-04,27973.34,,6.8337,21.570834,7352.94
2018-09-05,27243.85,,6.8337,21.972764,6930.01
2018-09-06,26974.82,,6.8337,22.369336,6435.01
2018-09-07,26973.47,,6.8337,22.492595,6418.49
2018-09-10,26613.42,,6.8601,22.106741,6293.27
2018-09-11,26422.55,,6.8601,21.602988,6309.15
2018-09-12,26345.04,,6.8601,21.560116,6301.2
2018-09-13,27014.49,,6.8601,21.147467,6459.95
2018-09-14,27286.41,,6.8601,20.986694,6535.95
2018-09-17,26932.85,,6.8556,21.849506,6246.1
2018-09-18,27084.66,,6.8556,21.372548,6321.11
2018-09-19,27407.37,,6.8556,20.815204,6381.62
2018-09-20,27477.67,,6.8556,20.841999,6497.73
2018-09-21,27953.58,,6.8556,20.777691,6752.19
2018-09-24,27499.39,,6.8736,21.056362,6618.13
2018-09-26,27816.87,,6.8736,21.426139,6476.68
2018-09-27,27715.67,,6.8736,21.168903,6711.41
2018-09-28,27788.52,,6.8736,21.01349,6675.57
2018-10-02,27126.38,,6.8736,20.975976,6531.68
2018-10-03,27091.26,,6.8736,20.740177,6451.61
2018-10-04,26623.87,,6.8736,22.138896,6557.38
2018-10-05,26572.57,,6.8736,22.46044,6553.08
2018-10-08,26202.57,,6.9203,22.92668,6635.7
2018-10-09,26172.91,,6.9203,23.066016,6596.31
2018-10-10,26193.07,,6.9203,26.822728,6535.95
2018-10-11,25266.37,,6.9203,27.905261,6222.78
2018-10-12,25801.49,,6.9203,25.93848,6238.3
2018-10-15,25445.06,,6.9257,25.933121,6459.95
2018-10-16,25462.26,,6.9257,23.960981,6523.16
2018-10-18,25454.55,,6.9257,25.268596,6430.87
2018-10-19,25561.4,,6.9257,25.177492,6426.74
2018-10-22,26153.15,,6.9429,25.043515,6447.45
2018-10-23,25346.55,,6.9429,25.616936,6435.01
2018-10-24,25249.78,,6.9429,28.039238,6464.12
2018-10-25,24994.46,,6.9429,27.497971,6435.01
2018-10-26,24717.63,,6.9429,27.465817,6435.01
2018-10-29,24812.04,,6.946,27.755207,6285.36
2018-10-30,24585.53,,6.946,27.031732,6285.36
2018-10-31,24979.69,,6.946,25.895608,6325.11
2018-11-01,25416,,6.946,24.882742,6353.24
2018-11-02,26486.35,,6.946,24.973847,6369.43
2018-11-05,25934.39,,6.9278,25.215005,6414.37
2018-11-06,26120.96,,6.9278,25.18821,6451.61
2018-11-07,26147.69,,6.9278,23.285738,6518.9
2018-11-08,26227.72,,6.9278,23.478665,6426.74
2018-11-09,25601.92,,6.9278,23.821645,6361.32
2018-11-12,25633.18,,6.9526,25.4776,6349.21
2018-11-13,25792.87,,6.9526,25.24716,6329.11
2018-11-14,25654.43,,6.9526,25.906326,5595.97
2018-11-15,26103.34,,6.9526,25.225723,5534.03
2018-11-16,26183.53,,6.9526,24.239653,5540.17
2018-11-19,26372,,6.9406,25.290032,4840.27
2018-11-20,25840.34,,6.9406,26.565492,4310.34
2018-11-21,25971.47,,6.9406,25.665168,4504.5
2018-11-22,26019.41,,6.9406,25.665168,4442.47
2018-11-23,25927.68,,6.9406,26.051021,4248.09
2018-11-26,26376.18,,6.9464,24.646943,3680.53
2018-11-27,26331.96,,6.9464,24.711252,3822.63
2018-11-28,26682.56,,6.9464,24.427221,4210.53
2018-11-29,26451.03,,6.9464,24.587993,4240.88
2018-11-30,26506.75,,6.9464,24.20214,3974.56
2018-12-03,27182.04,,6.8712,23.328611,3865.48
2018-12-04,27260.44,,6.8712,25.633013,3923.11
2018-12-05,26819.68,,6.8712,25.633013,3731.34
2018-12-06,26156.38,,6.8712,25.874171,3612.72
2018-12-07,26063.76,,6.8712,26.967423,3363.61
2018-12-10,25752.38,,6.8963,26.651237,3460.21
2018-12-11,25771.67,,6.8963,26.179639,3393.28
2018-12-12,26186.71,,6.8963,26.018866,3445.9
2018-12-13,26524.35,,6.8963,25.584781,3294.89
2018-12-14,26094.79,,6.8963,26.109971,3194.89
2018-12-17,26087.98,,6.8968,27.658744,3513.7
2018-12-18,25814.25,,6.8968,28.226806,3599.71
2018-12-19,25865.39,,6.8968,28.226806,3753.75
2018-12-20,25623.53,,6.8968,29.727347,4105.09
2018-12-21,25753.42,,6.8968,30.654467,3838.77
2018-12-24,25651.38,,6.8815,33.848476,4095
2018-12-27,25478.88,,6.8815,30.574081,3632.4
2018-12-28,25504.2,,6.8815,29.705911,3952.57
2018-12-31,25845.7,,6.8688,28.14106,3728.56
2019-01-02,25130.35,,6.8688,26.962064,3946.33
2019-01-03,25064.36,,6.8688,28.157138,3840.25
2019-01-04,25626.03,,6.8688,25.975994,3827.02
2019-01-07,25835.7,,6.8139,25.986712,4033.88
2019-01-08,25875.45,,6.8139,25.488318,4038.77
2019-01-09,26462.32,,6.8139,25.225723,4030.63
2019-01-10,26521.43,,6.8139,24.968488,3654.97
2019-01-11,26667.27,,6.8139,24.266449,3681.89
2019-01-14,26298.33,,6.7677,24.738047,3687.32
2019-01-15,26830.29,,6.7677,24.486171,3599.71
2019-01-16,26902.1,,6.7677,24.72197,3619.25
2019-01-17,26755.63,,6.7677,24.196781,3656.31
2019-01-18,27090.81,,6.7677,24.057445,3627.13
2019-01-21,27196.54,,6.7892,24.057445,3544.84
2019-01-22,27005.45,,6.7892,25.665168,3601.01
2019-01-23,27008.2,,6.7892,24.979206,3573.98
2019-01-24,27120.98,,6.7892,24.641584,3590.66
2019-01-25,27569.19,,6.7892,23.8538,3575.26
2019-01-28,27576.96,,6.7266,24.630866,3454.23
2019-01-29,27531.68,,6.7266,24.770202,3424.66
2019-01-30,27642.85,,6.7266,23.982418,3471.02
2019-01-31,27942.47,,6.7266,23.398279,3450.66
2019-02-01,27930.74,,6.7266,23.167838,3478.26
2019-02-04,27990.21,,6.7427,22.948116,3436.43
2019-02-08,27946.32,,6.7427,22.942757,3657.64
2019-02-11,28143.84,,6.7738,23.076734,3625.82
2019-02-12,28171.33,,6.7738,22.787344,3616.64
2019-02-13,28497.59,,6.7738,22.905244,3601.01
2019-02-14,28432.05,,6.7738,23.210711,3594.54
2019-02-15,27900.84,,6.7738,22.508672,3598.42
2019-02-18,28347.01,,6.7382,22.508672,3895.6
2019-02-19,28228.13,,6.7382,22.492595,3941.66
2019-02-20,28514.05,,6.7382,22.031714,3961.97
2019-02-21,28629.92,,6.7382,22.267514,3923.11
2019-02-22,28816.3,,6.7382,21.758401,3969.83
2019-02-25,28959.3,,6.6915,22.476518,3853.56
2019-02-26,28772.06,,6.6915,22.648008,3831.42
2019-02-27,28757.44,,6.6915,22.396131,3800.84
2019-02-28,28633.18,,6.6915,22.439004,3829.95
2019-03-01,28812.17,,6.6915,21.790556,3865.48
2019-03-04,28959.59,,6.7096,22.358618,3724.39
2019-03-05,28961.6,,6.7096,22.417568,3869.97
2019-03-06,29037.6,,6.7096,22.953475,3886.51
2019-03-07,28779.45,,6.7096,23.408997,3897.12
2019-03-08,28228.42,,6.7096,23.119607,3933.91
2019-03-11,28503.3,,6.7165,22.197846,3886.51
2019-03-12,28920.87,,6.7165,21.897737,3898.64
2019-03-13,28807.45,,6.7165,21.704811,3881.99
2019-03-14,28851.39,,6.7165,21.753042,3885
2019-03-15,29012.26,,6.7165,21.42078,3933.91
2019-03-18,29409.01,,6.7049,21.538679,4009.62
2019-03-19,29466.28,,6.7049,21.785197,4029.01
2019-03-20,29320.97,,6.7049,21.972764,4063.39
2019-03-21,29071.56,,6.7049,21.82271,4000
2019-03-22,29113.36,,6.7049,23.350047,4000
2019-03-25,28523.35,,6.7203,23.269661,3924.65
2019-03-26,28566.91,,6.7203,22.385413,3933.91
2019-03-27,28728.25,,6.7203,22.63729,4037.14
2019-03-28,28775.21,,6.7203,22.251436,4035.51
2019-03-29,29051.36,,6.7203,21.865583,4101.72
2019-04-01,29562.02,,6.7149,21.699452,4154.55
2019-04-02,29624.67,,6.7149,21.678015,4805.38
2019-04-03,29986.39,,6.7149,21.88166,5219.21
2019-04-04,29936.32,,6.7149,21.795915,4943.15
2019-04-08,30077.15,,6.7149,21.581552,5288.21
2019-04-09,30157.49,,6.7149,22.17105,5230.13
2019-04-10,30119.56,,6.7149,21.645861,5296.61
2019-04-11,29839.45,,6.7149,21.495807,5030.18
2019-04-12,29909.76,,6.7149,20.95454,5068.42
2019-04-15,29810.72,,6.7028,21.120671,5027.65
2019-04-16,30129.87,,6.7028,21.045644,5216.48
2019-04-17,30124.68,,6.7028,21.270725,5246.59
2019-04-18,29963.26,,6.7028,20.997413,5305.04
2019-04-23,29963.24,,6.7028,21.099235,5580.36
2019-04-24,29805.83,,6.7028,21.560116,5446.62
2019-04-25,29549.8,,6.7028,21.619065,5411.26
2019-04-26,29605.01,,6.7028,21.340393,5178.66
2019-04-29,29892.81,,6.7337,21.544038,5238.34
2019-04-30,29699.11,,6.7337,21.549397,5370.57
2019-05-02,29944.18,,6.7337,22.246077,5512.68
2019-05-03,30081.55,,6.7337,21.415421,5793.74
2019-05-06,29209.82,,6.7923,22.792703,5803.83
2019-05-07,29363.02,,6.7923,24.872024,5995.2
2019-05-08,29003.2,,6.7923,24.914897,5988.02
2019-05-09,28311.07,,6.7923,24.754125,6153.85
2019-05-10,28550.24,,6.7923,23.114248,6397.95
2019-05-14,28122.02,,6.7923,24.196781,7776.05
2019-05-15,28268.71,,6.7923,23.328611,8136.7
2019-05-16,28275.07,,6.7923,22.712317,7930.21
2019-05-17,27946.46,,6.7923,23.071375,7158.2
2019-05-20,27787.61,,6.9087,23.258943,8051.53
2019-05-21,27657.24,,6.9087,22.530108,7993.61
2019-05-22,27705.94,,6.9087,22.422927,7680.49
2019-05-23,27267.13,,6.9087,23.585846,7892.66
2019-05-24,27353.93,,6.9087,23.012425,8064.52
2019-05-27,27288.09,,6.9072,23.012425,8818.34
2019-05-28,27390.81,,6.9072,23.896673,8710.8
2019-05-29,27235.71,,6.9072,24.111036,8665.51
2019-05-30,27114.88,,6.9072,23.789491,8210.18
2019-05-31,26901.09,,6.9072,24.545121,8431.7
2019-06-03,26893.86,,6.9091,24.625507,8496.18
2019-06-04,26761.52,,6.9091,23.612642,7530.12
2019-06-05,26895.44,,6.9091,23.141043,7745.93
2019-06-06,26965.28,,6.9091,23.055298,7745.93
2019-06-10,27578.64,,6.922,23.060657,7949.13
2019-06-11,27789.34,,6.922,23.087452,7911.39
2019-06-12,27308.46,,6.922,23.04458,8156.61
2019-06-13,27294.71,,6.922,22.996348,8326.39
2019-06-14,27118.35,,6.922,22.706958,8410.43
2019-06-17,27227.16,,6.8969,22.744471,9285.05
2019-06-18,27498.77,,6.8969,22.63729,9009.01
2019-06-19,28202.14,,6.8969,22.197846,9233.61
2019-06-20,28550.43,,6.8969,22.422927,9523.81
2019-06-21,28473.71,,6.8969,22.771267,9910.8
2019-06-24,28513,,6.8763,22.69624,10953
2019-06-25,28185.98,,6.8763,23.242865,11547
2019-06-26,28221.98,,6.8763,23.205352,12407
2019-06-27,28621.42,,6.8763,22.996348,10776
2019-06-28,28542.62,,6.8763,22.599776,12315
2019-07-02,28875.56,,6.8763,21.447575,10695
2019-07-03,28855.14,,6.8763,21.254648,11403
2019-07-04,28795.77,,6.8763,21.254648,11587
2019-07-05,28774.83,,6.8763,21.635143,11136
2019-07-08,28331.69,,6.879,21.99956,12330
2019-07-09,28116.28,,6.879,22.069228,12563
2019-07-10,28204.69,,6.879,21.501166,11947
2019-07-11,28431.8,,6.879,21.447575,11299
2019-07-12,28471.62,,6.879,21.158185,11628
2019-07-15,28554.88,,6.8777,21.313598,10753
2019-07-16,28619.62,,6.8777,21.410061,9643.2
2019-07-17,28593.17,,6.8777,22.004919,9842.52
2019-07-18,28461.66,,6.8777,21.76912,10593
2019-07-19,28765.4,,6.8777,22.262154,10406
2019-07-22,28371.26,,6.8773,21.76912,10267
2019-07-23,28466.48,,6.8773,21.276085,10121
2019-07-24,28524.04,,6.8773,20.986694,9784.74
2019-07-25,28594.3,,6.8773,21.345753,9891.2
2019-07-26,28397.74,,6.8773,21.034926,9861.93
2019-07-29,28106.41,,6.8998,21.393984,9505.7
2019-07-30,28146.5,,6.8998,21.988842,9578.54
2019-07-31,27777.75,,6.8998,23.15712,10050
2019-08-01,27565.7,,6.8998,24.094958,10417
2019-08-02,26918.58,,6.8998,23.955622,10471
2019-08-05,26151.32,,7.0424,27.696257,11737
2019-08-06,25976.24,,7.0424,25.327546,11377
2019-08-07,25997.03,,7.0424,24.963129,11947
2019-08-08,26120.77,,7.0424,23.580487,11723
2019-08-09,25939.3,,7.0424,24.148549,11820
2019-08-12,25824.72,,7.0443,25.820581,11403
2019-08-13,25281.3,,7.0443,23.907391,10870
2019-08-14,25302.28,,7.0443,26.361847,10194
2019-08-15,25495.46,,7.0443,25.868812,10341
2019-08-16,25734.22,,7.0443,24.416503,10471
2019-08-19,26291.84,,7.0695,23.56441,10730
2019-08-20,26231.54,,7.0695,23.896673,10799
2019-08-21,26270.04,,7.0695,22.98563,10060
2019-08-22,26048.72,,7.0695,23.457228,10142
2019-08-23,26179.33,,7.0695,25.166773,10428
2019-08-26,25680.33,,7.152,24.872024,10277
2019-08-27,25664.07,,7.152,25.402573,10142
2019-08-28,25615.48,,7.152,24.888102,9727.63
2019-08-29,25703.5,,7.152,24.100317,9514.75
2019-08-30,25724.73,,7.152,24.689816,9578.54
2019-09-02,25626.55,,7.1517,24.689816,10384
2019-09-03,25527.85,,7.1517,25.054233,10695
2019-09-04,26523.23,,7.1517,23.805568,10672
2019-09-05,26515.53,,7.1517,23.237506,10560
2019-09-06,26690.76,,7.1517,22.556904,10384
2019-09-09,26681.4,,7.1036,22.701599,10288
2019-09-10,26683.68,,7.1036,22.664085,10101
2019-09-11,27159.06,,7.1036,22.3479,10173
2019-09-12,27087.63,,7.1036,22.138896,10417
2019-09-13,27352.69,,7.1036,21.88166,10225
2019-09-16,27124.55,,7.0878,22.380054,10309
2019-09-17,26790.24,,7.0878,22.256795,10225
2019-09-18,26754.12,,7.0878,21.994201,10204
2019-09-19,26468.95,,7.0878,22.047791,10277
2019-09-20,26435.67,,7.0878,22.728394,10163
2019-09-23,26222.4,,7.1226,22.508672,9746.59
2019-09-24,26281,,7.1226,23.655514,8673.03
2019-09-25,25945.35,,7.1226,23.071375,8605.85
2019-09-26,26041.93,,7.1226,23.130325,8090.61
2019-09-27,25954.81,,7.1226,23.746618,8012.82
2019-09-30,26092.27,,7.1479,23.221429,8271.3
2019-10-02,26042.69,,7.1479,25.53655,8278.15
2019-10-03,26110.31,,7.1479,24.764843,8196.72
2019-10-04,25821.03,,7.1479,23.650155,8210.18
2019-10-08,25893.4,,7.1479,25.386496,8169.93
2019-10-09,25682.81,,7.1479,24.507607,8568.98
2019-10-10,25707.93,,7.1479,23.934186,8568.98
2019-10-11,26308.44,,7.1479,22.86773,8354.22
2019-10-14,26521.85,,7.0824,22.326463,8326.39
2019-10-15,26503.93,,7.0824,21.774479,8163.27
2019-10-16,26664.28,,7.0824,21.849506,7987.22
2019-10-17,26848.49,,7.0824,21.908455,8071.03
2019-10-18,26719.58,,7.0824,22.154973,7968.13
2019-10-21,26725.68,,7.0738,22.020996,8230.45
2019-10-22,26786.2,,7.0738,22.267514,8110.3
2019-10-23,26566.73,,7.0738,22.026355,7446.02
2019-10-24,26797.95,,7.0738,21.865583,7457.12
2019-10-25,26667.39,,7.0738,21.297521,8650.52
2019-10-28,26891.26,,7.0549,21.544038,9460.74
2019-10-29,26786.76,,7.0549,21.59227,9469.7
2019-10-30,26667.71,,7.0549,21.12603,9225.09
2019-10-31,26906.72,,7.0549,21.602988,9132.42
2019-11-01,27100.76,,7.0549,21.109953,9225.09
2019-11-04,27547.3,,6.9975,21.393984,9398.5
2019-11-05,27683.4,,6.9975,21.538679,9328.36
2019-11-06,27688.64,,6.9975,21.281444,9345.79
2019-11-07,27847.23,,6.9975,21.340393,9233.61
2019-11-08,27651.14,,6.9975,20.986694,8802.82
2019-11-11,26926.55,,7.0138,21.318957,8718.4
2019-11-12,27065.28,,7.0138,21.313598,8771.93
2019-11-13,26571.46,,7.0138,21.485089,8756.57
2019-11-14,26323.69,,7.0138,21.511884,8658.01
2019-11-15,26326.66,,7.0138,20.975976,8474.58
2019-11-18,26681.09,,7.0288,21.195698,8216.93
2019-11-19,27093.8,,7.0288,21.410061,8143.32
2019-11-20,26889.61,,7.0288,21.367189,8090.61
2019-11-21,26466.88,,7.0288,21.554756,7639.42
2019-11-22,26595.08,,7.0288,21.13139,7342.14
2019-11-25,26993.04,,7.0326,20.879513,7230.66
2019-11-26,26913.92,,7.0326,20.702663,7163.32
2019-11-27,26954,,7.0326,20.815204,7547.17
2019-11-28,26893.73,,7.0326,20.815204,7396.45
2019-11-29,26346.49,,7.0326,21.281444,7757.95
2019-12-02,26444.72,,7.0447,22.508672,7352.94
2019-12-03,26391.3,,7.0447,23.071375,7331.38
2019-12-04,26062.56,,7.0447,22.449722,7225.43
2019-12-05,26217.04,,7.0447,22.299668,7423.9
2019-12-06,26498.37,,7.0447,21.817351,7457.12
2019-12-09,26494.73,,7.0248,23.017784,7347.54
2019-12-10,26436.62,,7.0248,22.921321,7251.63
2019-12-11,26645.43,,7.0248,22.551545,7204.61
2019-12-12,26994.14,,7.0248,21.988842,7199.42
2019-12-13,27687.76,,7.0248,21.286803,7267.44
2019-12-16,27508.09,,7.0027,21.024208,6901.31
2019-12-17,27843.71,,7.0027,21.104594,6600.66
2019-12-18,27884.21,,7.0027,21.260007,7363.77
2019-12-19,27800.49,,7.0027,21.217135,7168.46
2019-12-20,27871.35,,7.0027,21.222494,7220.22
2019-12-23,27906.41,,7.0047,21.276085,7299.27
2019-12-24,27864.21,,7.0047,21.308239,7189.07
2019-12-27,28225.42,,7.0047,21.715529,7230.66
2019-12-30,28319.39,,6.9708,22.46044,7267.44
2019-12-31,28189.75,,6.9708,21.903096,7194.24
2020-01-02,28543.52,,6.9708,21.201058,6968.64
2020-01-03,28451.5,,6.9708,22.031714,7326.01
2020-01-06,28226.19,,6.9429,21.94061,7722.01
2020-01-07,28322.06,,6.9429,21.908455,8032.13
2020-01-08,28087.92,,6.9429,21.726247,8071.03
2020-01-09,28561,,6.9429,21.238571,7806.4
2020-01-10,28638.2,,6.9429,21.249289,8071.03
2020-01-13,28954.94,,6.8811,21.120671,8116.88
2020-01-14,28885.14,,6.8811,21.158185,8748.91
2020-01-15,28773.59,,6.8811,21.174262,8849.56
2020-01-16,28883.04,,6.8811,21.120671,8718.4
2020-01-17,29056.42,,6.8811,21.002772,8865.25
2020-01-20,28795.91,,6.9075,21.002772,8665.51
2020-01-21,27985.33,,6.9075,21.404702,8710.8
2020-01-22,28341.04,,6.9075,21.436857,8643.04
2020-01-23,27909.12,,6.9075,21.47437,8396.31
2020-01-24,27949.64,,6.9075,22.321104,8481.76
2020-01-29,27160.63,,6.9075,23.301815,9337.07
2020-01-30,26449.13,,6.9075,22.819498,9560.23
2020-01-31,26312.63,,6.9075,24.614789,9310.99
2020-02-03,26356.98,,6.9901,24.148549,9276.44
2020-02-04,26675.98,,6.9901,23.119607,9182.74
2020-02-05,26786.74,,6.9901,22.63729,9624.64
2020-02-06,27493.7,,6.9901,22.535467,9671.18
2020-02-07,27404.27,,6.9901,22.80878,9727.63
2020-02-10,27241.34,,6.9796,22.57834,9842.52
2020-02-11,27583.88,,6.9796,22.653367,10225
2020-02-12,27823.66,,6.9796,21.88166,10352
2020-02-13,27730,,6.9796,22.101382,10215
2020-02-14,27815.6,,6.9796,21.849506,10363
2020-02-17,27959.6,,7.0068,21.849506,9633.91
2020-02-18,27530.2,,7.0068,22.465799,10183
2020-02-19,27655.81,,7.0068,22.224641,9680.54
2020-02-20,27609.16,,7.0068,22.857012,9624.64
2020-02-21,27308.81,,7.0068,23.671591,9718.17
2020-02-24,26820.88,,7.0115,27.932057,9643.2
2020-02-25,26893.23,,7.0115,29.443316,9389.67
2020-02-26,26696.49,,7.0115,29.287903,8795.07
2020-02-27,26778.62,,7.0115,35.50443,8795.07
2020-02-28,26129.93,,7.0115,36.013543,8620.69
2020-03-02,26291.68,,6.9454,32.428321,8936.55
2020-03-03,26284.82,,6.9454,34.250407,8787.35
2020-03-04,26222.07,,6.9454,31.661973,8756.57
2020-03-05,26767.87,,6.9454,35.750948,9082.65
2020-03-06,26146.67,,6.9454,36.994253,9132.42
2020-03-09,25040.46,,6.9722,43.703816,7886.44
2020-03-10,25392.51,,6.9722,39.866718,7968.13
2020-03-11,25231.61,,6.9722,43.403708,7993.61
2020-03-12,24309.07,,6.9722,54.963234,5783.69
2020-03-13,24032.91,,6.9722,45.509825,5437.74
2020-03-16,23063.57,,7.0564,58.832487,4940.71
2020-03-17,23263.73,,7.0564,55.199033,5461.5
2020-03-18,22291.82,,7.0564,55.488423,5353.32
2020-03-19,21709.13,,7.0564,53.103635,6297.23
2020-03-20,22805.07,,7.0564,49.909626,5963.03
2020-03-23,21696.13,,7.0822,47.524837,6468.31
2020-03-24,22663.49,,7.0822,47.56771,6784.26
2020-03-25,23527.19,,7.0822,48.789579,6706.91
2020-03-26,23352.34,,7.0822,47.208652,6724.95
2020-03-27,23484.28,,7.0822,49.641672,6693.44
2020-03-30,23175.11,,7.0976,45.107894,6544.5
2020-03-31,23603.48,,7.0976,43.210781,6459.95
2020-04-01,23085.79,,7.0976,45.097176,6377.55
2020-04-02,23280.06,,7.0976,41.801344,6844.63
2020-04-03,23236.11,,7.0976,39.598764,6788.87
2020-04-06,23749.12,,7.0676,38.762748,7299.27
2020-04-07,24253.29,,7.0676,39.545173,7183.91
2020-04-08,23970.37,,7.0676,37.749883,7336.76
2020-04-09,24300.33,,7.0676,36.849558,7315.29
2020-04-14,24435.4,,7.0676,34.75416,6858.71
2020-04-15,24145.34,,7.0676,36.404755,6738.54
2020-04-16,24006.45,,7.0676,36.013543,7082.15
2020-04-17,24380,,7.0676,34.963164,7077.14
2020-04-20,24330.02,,7.082,38.007119,6868.13
2020-04-21,23793.55,,7.082,38.853853,6901.31
2020-04-22,23893.36,,7.082,37.01569,7102.27
2020-04-23,23977.32,,7.082,36.694145,7598.78
2020-04-24,23831.33,,7.082,33.773449,7530.12
2020-04-27,24280.14,,7.0711,32.358653,7739.94
2020-04-28,24575.96,,7.0711,32.508707,7739.94
2020-04-29,24643.59,,7.0711,31.254683,8865.25
2020-05-04,23613.8,,7.0768,33.794885,8952.55
2020-05-05,23868.66,,7.0768,32.530143,8968.61
2020-05-06,24137.48,,7.0768,32.803456,9293.68
2020-05-07,23980.63,,7.0768,31.367224,9881.42
2020-05-08,24230.17,,7.0768,29.512984,9960.16
2020-05-11,24602.06,,7.0963,29.293262,8583.69
2020-05-12,24245.68,,7.0963,32.224676,8764.24
2020-05-13,24180.3,,7.0963,33.425109,9354.54
2020-05-14,23829.74,,7.0963,31.994236,9765.63
2020-05-15,23797.47,,7.0963,31.608382,9337.07
2020-05-18,23934.77,,7.1121,30.220382,9689.92
2020-05-19,24388.13,,7.1121,30.879548,9680.54
2020-05-20,24399.95,,7.1121,29.518343,9551.1
2020-05-21,24280.03,,7.1121,30.343641,9099.18
2020-05-22,22930.14,,7.1121,29.609447,9174.31
2020-05-25,22952.24,,7.1427,29.609447,8904.72
2020-05-26,23384.66,,7.1427,29.529061,8849.56
2020-05-27,23301.36,,7.1427,29.320057,9074.41
2020-05-28,23132.76,,7.1427,29.839887,9442.87
2020-05-29,22961.47,,7.1427,29.261107,9398.5
2020-06-01,23732.52,,7.1124,29.646961,9652.51
2020-06-02,23995.94,,7.1124,28.902049,9523.81
2020-06-03,24325.62,,7.1124,28.269678,9587.73
2020-06-04,24366.3,,7.1124,28.350064,9775.17
2020-06-05,24770.41,,7.1124,27.658744,9727.63
2020-06-08,24776.77,,7.0737,28.350064,9718.17
2020-06-09,25057.22,,7.0737,29.293262,9823.18
2020-06-10,25049.73,,7.0737,29.293262,9852.22
2020-06-11,24480.15,,7.0737,36.37796,9345.79
2020-06-12,24301.38,,7.0737,33.859194,9425.07
2020-06-15,23776.95,,7.0851,32.95351,9442.87
2020-06-16,24344.09,,7.0851,32.562298,9505.7
2020-06-17,24481.41,,7.0851,32.455116,9407.34
2020-06-18,24464.94,,7.0851,32.171085,9363.3
2020-06-19,24643.89,,7.0851,33.339364,9302.33
2020-06-22,24511.34,,7.0711,31.544073,9689.92
2020-06-23,24907.34,,7.0711,31.32971,9652.51
2020-06-24,24781.58,,7.0711,32.653402,9267.84
2020-06-26,24549.99,,7.0711,33.13036,9165.9
2020-06-29,24301.28,,7.0703,31.549433,9208.1
2020-06-30,24427.19,,7.0703,30.825957,9165.9
2020-07-02,25124.19,,7.0703,29.352212,9140.77
2020-07-03,25373.12,,7.0703,29.352212,9082.65
2020-07-06,26339.16,,7.0087,29.491548,9285.05
2020-07-07,25975.66,,7.0087,30.29005,9250.69
2020-07-08,26129.18,,7.0087,29.566575,9433.96
2020-07-09,26210.16,,7.0087,30.198945,9250.69
2020-07-10,25727.41,,7.0087,29.143208,9233.61
2020-07-13,25772.12,,6.9999,31.769155,9250.69
2020-07-14,25477.89,,6.9999,30.338281,9242.14
2020-07-15,25481.58,,6.9999,29.395084,9225.09
2020-07-16,24970.69,,6.9999,29.523702,9124.09
2020-07-17,25089.17,,6.9999,28.280396,9165.9
2020-07-20,25057.99,,6.9995,27.626589,9174.31
2020-07-21,25635.66,,6.9995,27.830234,9380.86
2020-07-22,25057.94,,6.9995,27.551562,9379.98
2020-07-23,25263,,6.9995,28.494759,9618.53
2020-07-24,24705.33,,6.9995,28.366142,9594.72
2020-07-27,24603.26,,6.996,27.776643,11131
2020-07-28,24772.76,,6.996,28.151779,11027
2020-07-29,24883.14,,6.996,27.433662,11286
2020-07-30,24710.59,,6.996,27.787361,11094
2020-07-31,24595.35,,6.996,27.626589,11328
2020-08-03,24458.13,,6.9637,27.530126,11260
2020-08-04,24946.63,,6.9637,27.251454,11246
2020-08-05,25102.54,,6.9637,26.838805,11777
2020-08-06,24930.58,,6.9637,26.656596,11742
2020-08-07,24531.62,,6.9637,26.420797,11508
2020-08-10,24377.43,,6.9517,26.377925,11839
2020-08-11,24890.68,,6.9517,27.396149,11311
2020-08-12,25244.02,,6.9517,26.458311,11516
2020-08-13,25230.67,,6.9517,26.377925,11698
2020-08-14,25183.01,,6.9517,26.335052,11810
2020-08-17,25347.34,,6.9231,25.959917,12334
2020-08-18,25367.38,,6.9231,26.045662,12074
2020-08-19,25178.91,,6.9231,26.597647,11712
2020-08-20,24791.39,,6.9231,26.69411,11831
2020-08-21,25113.84,,6.9231,26.597647,11678
2020-08-24,25551.58,,6.8937,26.506542,11762
2020-08-25,25486.22,,6.8937,26.324334,11314
2020-08-26,25491.79,,6.8937,26.988859,11478
2020-08-27,25281.15,,6.8937,27.631948,11284
2020-08-28,25422.06,,6.8937,26.822728,11513
2020-08-31,25177.05,,6.8338,28.671609,11640
2020-09-01,25184.85,,6.8338,28.516196,12028
2020-09-02,25120.09,,6.8338,28.757354,11386
2020-09-03,25007.6,,6.8338,32.524784,10736
2020-09-04,24695.45,7708.248525,6.8338,30.997448,10588
2020-09-07,24589.65,7332.168203,6.8392,30.997448,10161
2020-09-08,24624.34,7186.750478,6.8392,31.377942,10032
2020-09-09,24468.93,7071.419179,6.8392,29.957787,10245
2020-09-10,24313.54,7071.419179,6.8392,30.440104,10349
2020-09-11,24503.31,7241.908926,6.8392,28.918126,10338
2020-09-14,24640.28,7387.32665,6.7789,28.371501,10717
2020-09-15,24732.76,7402.369863,6.7789,28.232165,10856
2020-09-16,24725.63,7477.585928,6.7789,28.473323,11020
2020-09-17,24340.85,7337.182607,6.7789,28.698404,10962
2020-09-18,24455.41,7402.369863,6.7789,28.360783,10878
2020-09-21,23950.69,7236.894521,6.8026,29.405802,10509
2020-09-22,23716.85,7271.995351,6.8026,28.912767,10551
2020-09-23,23742.51,7342.197012,6.8026,29.834528,10258
2020-09-24,23311.07,7131.592031,6.8026,29.797015,10653
2020-09-25,23235.42,6981.159902,6.8026,28.655532,10732
2020-09-28,23476.05,7041.332754,6.8045,28.553709,10890
2020-09-29,23275.53,7036.318349,6.8045,28.596582,10770
2020-09-30,23459.05,7136.606435,6.8045,28.650173,10709
2020-10-05,23767.78,7161.678457,6.7767,29.502266,10743
2020-10-06,23980.65,7367.269033,6.7767,30.316845,10575
2020-10-07,24242.86,7507.672353,6.7767,29.555856,10664
2020-10-08,24193.35,7537.758779,6.7767,28.644814,10885
2020-10-09,24119.13,7537.758779,6.7767,27.915979,11046
2020-10-12,24649.68,7763.406973,6.7283,27.953493,11689
2020-10-14,24667.09,7823.579824,6.7283,28.66625,11383
2020-10-15,24158.54,7577.874014,6.7283,28.971717,11507
2020-10-16,24386.79,7638.046865,6.7283,29.207517,11325
2020-10-19,24542.26,7597.931631,6.6757,30.156073,11757
2020-10-20,24569.54,7673.147695,6.6757,30.247177,11927
2020-10-21,24754.42,7673.147695,6.6757,29.872042,12942
2020-10-22,24786.13,7648.075674,6.6757,29.582652,13153
2020-10-23,24918.78,7522.715566,6.6757,29.282544,12929
2020-10-27,24787.19,7572.859609,6.6757,32.390807,13737
2020-10-28,24708.8,7668.133291,6.6757,36.104647,13268
2020-10-29,24586.6,7703.234121,6.6757,34.663055,13418
2020-10-30,24107.42,7582.888418,6.6757,34.893496,13637
2020-11-02,24460.01,7663.118887,6.6496,34.416538,13580
2020-11-03,24939.73,7758.392568,6.6496,33.569804,13832
2020-11-04,24886.14,7773.435781,6.6496,30.365077,14123
2020-11-05,25695.92,8164.559316,6.6496,29.298621,15555
2020-11-06,25712.97,8134.472891,6.6496,27.840952,15486
2020-11-09,26016.17,8440.351553,6.6147,28.31791,15249
2020-11-10,26301.48,8004.098379,6.6147,27.808798,15385
2020-11-11,26226.98,7537.758779,6.6147,27.085323,15813
2020-11-12,26169.38,7758.392568,6.6147,28.103547,16220
2020-11-13,26156.86,7938.911123,6.6147,26.897755,16210
2020-11-16,26381.67,8099.372061,6.5711,26.549415,16734
2020-11-17,26415.09,7974.011953,6.5711,26.688751,17597
2020-11-18,26544.29,7999.083975,6.5711,27.294326,17838
2020-11-19,26356.97,7938.911123,6.5711,26.903114,17889
2020-11-20,26451.54,8019.141592,6.5711,27.219299,18640
2020-11-23,26486.2,8139.487295,6.5769,26.661956,18421
2020-11-24,26588.2,8149.516104,6.5769,26.11533,19122
2020-11-25,26669.75,7963.983145,6.5769,25.906326,18756
2020-11-26,26819.45,8079.314443,6.5769,25.906326,17196
2020-11-27,26894.68,8144.501699,6.5769,25.686604,17079
2020-11-30,26341.49,8064.27123,6.5583,25.541909,19484
2020-12-01,26567.68,8014.127187,6.5583,25.64909,18939
2020-12-02,26532.58,7898.795889,6.5583,25.863453,19118
2020-12-03,26728.5,7968.997549,6.5583,25.922403,19479
2020-12-04,26835.92,8029.1704,6.5583,25.659808,18979
2020-12-07,26506.85,7989.055166,6.539,25.933121,19124
2020-12-08,26304.56,8119.429678,6.539,25.600859,18550
2020-12-09,26502.84,8139.487295,6.539,26.452952,18561
2020-12-10,26410.59,8069.285635,6.539,26.586929,18336
2020-12-11,26505.87,8144.501699,6.539,27.010295,17990
2020-12-14,26389.52,8169.573721,6.5388,27.765925,19282
2020-12-15,26207.29,8104.386465,6.5388,26.785214,19472
2020-12-16,26460.29,8169.573721,6.5388,26.57621,21377
2020-12-17,26678.38,8355.10668,6.5388,26.270743,23024
2020-12-18,26498.6,8279.890615,6.5388,26.077816,22774
2020-12-21,26306.68,8234.760977,6.5409,28.001724,23173
2020-12-22,26119.25,8179.602529,6.5409,27.50333,23743
2020-12-23,26343.1,8460.40917,6.5409,27.010295,23281
2020-12-24,26386.56,8209.688955,6.5409,26.05638,23333
2020-12-28,26314.63,7863.695059,6.5332,26.147484,26821
2020-12-29,26568.49,8034.184805,6.5332,26.887037,27043
2020-12-30,27147.11,8330.034658,6.5332,26.720905,28742
2020-12-31,27231.13,8430.322744,6.5332,26.710187,29170
2021-01-04,27472.81,8515.567617,6.4631,28.971717,31388
2021-01-05,27649.86,8465.423574,6.4631,28.098188,34285
2021-01-06,27692.3,8660.985342,6.4631,27.953493,36074
2021-01-07,27548.52,8425.30834,6.4631,26.506542,39632
2021-01-08,27878.22,8650.956533,6.4631,26.072457,39037
2021-01-11,27908.22,8696.086172,6.4708,27.422944,34468
2021-01-12,28276.75,8731.187002,6.4708,27.021014,33683
2021-01-13,28235.6,8676.028555,6.4708,26.420797,37219
2021-01-14,28496.86,8901.676748,6.4708,26.978141,38941
2021-01-15,28573.86,8801.388662,6.4708,27.56228,35585
2021-01-18,28862.77,9132.339346,6.4775,27.56228,36506
2021-01-19,29642.28,9393.088369,6.4775,26.972782,36695
2021-01-20,29962.47,9884.499991,6.4775,26.083175,35030
2021-01-21,29927.76,9824.327139,6.4775,25.943839,30824
2021-01-22,29447.85,9799.255118,6.4775,26.260025,33555
2021-01-25,30159.01,10225.47948,6.4638,26.945987,32487
2021-01-26,29391.26,10014.8745,6.4638,26.854882,32657
2021-01-27,29297.53,9869.456778,6.4638,34.459411,30611
2021-01-28,28550.77,9398.102774,6.4638,30.708058,33548
2021-01-29,28283.71,9418.160391,6.4638,32.251471,34569
2021-02-01,28892.86,9764.154288,6.4632,30.724135,33560
2021-02-02,29248.7,9994.816885,6.4632,28.216088,35652
2021-02-03,29307.46,10135.22021,6.4632,26.795932,37309
2021-02-04,29113.5,9899.543204,6.4632,26.184998,37295
2021-02-05,29288.68,9834.355948,6.4632,25.702681,37771
2021-02-08,29319.47,9774.183096,6.4518,25.900967,44715
2021-02-09,29476.19,9959.716055,6.4518,26.109971,46827
2021-02-10,30038.72,10195.39306,6.4518,26.302898,45214
2021-02-11,30173.57,10365.8828,6.4518,25.906326,47678
2021-02-16,30746.66,10716.8911,6.4518,26.018866,49150
2021-02-17,31084.94,10967.61132,6.4518,26.040303,52127
2021-02-18,30595.27,10566.45898,6.4518,26.570851,51840
2021-02-19,30644.73,10546.40136,6.4518,26.335052,55353
2021-02-22,30319.83,10034.93212,6.4604,27.085323,54151
2021-02-23,30632.64,9909.572012,6.4604,26.903114,48685
2021-02-24,29718.24,9383.059561,6.4604,25.954558,48797
2021-02-25,30074.17,9538.506094,6.4604,30.00066,48165
2021-02-26,28980.21,9037.065664,6.4604,29.496907,46234
2021-03-01,29452.57,9302.829092,6.4732,27.031732,49138
2021-03-02,29095.86,9282.771475,6.4732,27.433662,47819
2021-03-03,29880.42,9368.016348,6.4732,28.810945,50618
2021-03-04,29236.79,8886.633535,6.4732,29.829169,48251
2021-03-05,29098.29,8655.970938,6.4732,27.733771,49254
2021-03-08,28540.83,8119.429678,6.5084,28.167856,51605
2021-03-09,28773.23,8074.300039,6.5084,27.396149,54777
2021-03-10,28907.52,8259.832998,6.5084,26.608365,56928
2021-03-11,29385.61,8660.985342,6.5084,26.260025,57924
2021-03-12,28739.72,8485.481192,6.5084,25.606218,56750
2021-03-15,28833.76,8269.861807,6.5046,25.252519,56107
2021-03-16,29027.69,8530.61083,6.5046,25.123901,56338
2021-03-17,29034.12,8560.697256,6.5046,24.823793,58326
2021-03-18,29405.72,8650.956533,6.5046,26.083175,57740
2021-03-19,28990.94,8520.582022,6.5046,25.745554,58411
2021-03-22,28885.34,8505.538809,6.5242,24.636225,54618
2021-03-23,28497.38,8309.977041,6.5242,25.397214,54407
2021-03-24,27918.14,8089.343252,6.5242,25.879531,52684
2021-03-25,27899.61,7938.911123,6.5242,25.134619,51741
2021-03-26,28336.43,8124.444082,6.5242,24.625507,54010
2021-03-29,28338.3,7963.983145,6.5643,25.633013,57537
2021-03-30,28577.5,8169.573721,6.5643,25.027438,58754
2021-03-31,28378.35,8179.602529,6.5643,24.914897,58962
2021-04-01,28938.74,8555.682852,6.5643,23.805568,58737
2021-04-07,28674.8,8430.322744,6.5643,23.714464,56224
2021-04-08,29008.07,8455.394766,6.5643,23.601923,57677
2021-04-09,28698.8,8309.977041,6.5643,23.462587,58377
2021-04-12,28453.28,8164.559316,6.5346,23.580487,60017
2021-04-13,28497.25,8039.199209,6.5346,23.441151,63111
2021-04-14,28900.83,8224.732168,6.5346,23.62336,62826
2021-04-15,28793.14,8134.472891,6.5346,23.398279,63436
2021-04-16,28969.71,8239.775381,6.5346,23.226788,61831
2021-04-19,29106.15,8340.063467,6.4968,23.784132,56338
2021-04-20,29135.73,8279.890615,6.4968,24.529043,57016
2021-04-21,28621.92,8194.645742,6.4968,23.896673,54837
2021-04-22,28755.34,8264.847402,6.4968,24.545121,51728
2021-04-23,29078.75,8460.40917,6.4968,23.805568,50963
2021-04-26,28952.83,8470.437979,6.4778,23.9717,53379
2021-04-27,28941.54,8495.51,6.4778,23.928827,55353
2021-04-28,29071.34,8510.553213,6.4778,23.778773,54828
2021-04-29,29303.26,8495.51,6.4778,23.955622,53353
2021-04-30,28724.88,8294.933828,6.4778,24.49153,57081
2021-05-03,28357.54,8219.717764,6.4728,24.330758,57136
2021-05-04,28557.14,8269.861807,6.4728,24.95777,54386
2021-05-05,28417.98,8104.386465,6.4728,24.78092,56825
2021-05-06,28637.46,8119.429678,6.4728,24.37363,56382
2021-05-07,28610.65,7958.96874,6.4728,23.462587,57657
2021-05-10,28595.66,7893.781484,6.4336,25.054233,55766
2021-05-11,28013.81,7648.075674,6.4336,26.222511,56580
2021-05-12,28231.04,7853.66625,6.4336,29.30398,54564
2021-05-13,27718.67,7638.046865,6.4336,26.913832,49598
2021-05-14,28027.57,7587.902822,6.4336,24.598711,50193
2021-05-17,28194.09,7688.190908,6.4339,25.086387,43607
2021-05-18,28593.81,7828.594228,6.4339,25.954558,42996
2021-05-20,28450.29,7918.853506,6.4339,25.5955,40700
2021-05-21,28458.44,8004.098379,6.4339,25.316828,36187
2021-05-24,28412.26,7888.76708,6.3957,24.378989,38697
2021-05-25,28910.86,8014.127187,6.3957,24.614789,38007
2021-05-26,29166.01,8064.27123,6.3957,23.821645,39111
2021-05-27,29113.2,8099.372061,6.3957,23.489383,39049
2021-05-28,29124.41,7948.939932,6.3957,23.500101,35813
2021-05-31,29151.8,8089.343252,6.3885,23.500101,36885
2021-06-01,29468,8320.00585,6.3885,24.111036,36391
2021-06-02,29297.62,8219.717764,6.3885,23.885954,37794
2021-06-03,28966.03,8214.703359,6.3885,24.186063,38773
2021-06-04,28918.1,8079.314443,6.3885,23.317892,36866
2021-06-07,28787.28,8049.228018,6.3932,23.317892,34148
2021-06-08,28781.38,7974.011953,6.3932,23.666232,33551
2021-06-09,28742.63,7974.011953,6.3932,24.105676,36657
2021-06-10,28738.88,7953.954336,6.3932,23.146402,36615
2021-06-11,28842.13,7984.040762,6.3932,22.905244,37251
2021-06-15,28638.53,8009.112783,6.3932,23.639437,39960
2021-06-16,28436.84,7838.623037,6.3932,24.245012,38761
2021-06-17,28558.59,7883.752676,6.3932,24.030649,37747
2021-06-18,28801.27,8019.141592,6.3932,25.611577,35283
2021-06-21,28489,7953.954336,6.4686,24.105676,31575
2021-06-22,28309.76,7808.536611,6.4686,23.44651,32464
2021-06-23,28817.07,8019.141592,6.4686,23.264302,33342
2021-06-24,28882.46,8029.1704,6.4686,23.076734,34807
2021-06-25,29288.22,8229.746572,6.4686,22.889166,32173
2021-06-28,29268.3,8254.818594,6.4643,22.964193,34740
2021-06-29,28994.1,8189.631338,6.4643,23.103529,36246
2021-06-30,28827.95,8154.530508,6.4643,23.001707,34796
2021-07-02,28310.42,7903.810293,6.4643,22.594417,33320
2021-07-05,28143.5,7738.334951,6.4725,22.594417,34165
2021-07-06,28072.86,7643.061269,6.4725,23.328611,33763
2021-07-07,27960.62,7592.917226,6.4725,23.199993,34242
2021-07-08,27153.13,7327.153799,6.4725,24.700534,32689
2021-07-09,27344.54,7427.441885,6.4725,23.189275,33457
2021-07-12,27515.24,7502.657949,6.4664,23.183915,32875
2021-07-13,27963.41,7643.061269,6.4664,23.693028,32579
2021-07-14,27787.46,7653.090078,6.4664,23.269661,32860
2021-07-15,27996.27,7653.090078,6.4664,23.634078,31729
2021-07-16,28004.68,7633.032461,6.4664,24.405785,31911
2021-07-19,27489.78,7437.470693,6.4774,26.57621,30782
2021-07-20,27259.25,7322.139394,6.4774,25.091746,29695
2021-07-21,27224.58,7327.153799,6.4774,24.116395,31832
2021-07-22,27723.84,7477.585928,6.4774,23.998495,32182
2021-07-23,27321.98,7246.92333,6.4774,23.7359,32274
2021-07-26,26192.32,6790.612539,6.4809,23.939545,37207
2021-07-27,25086.43,6259.085683,6.4809,24.893461,38258
2021-07-28,25473.88,6444.618642,6.4809,24.330758,40103
2021-07-29,26315.32,6951.073476,6.4809,24.003854,39579
2021-07-30,25961.03,6790.612539,6.4809,24.293244,39920
2021-08-02,26235.8,6795.626943,6.4631,24.947051,39226
2021-08-03,26194.82,6660.238027,6.4631,24.186063,38304
2021-08-04,26426.55,6865.828603,6.4631,24.148549,39833
2021-08-05,26204.69,6720.410879,6.4631,23.778773,40955
2021-08-06,26179.4,6710.38207,6.4631,23.173197,42948
2021-08-09,26283.4,6660.238027,6.4795,23.478665,45714
2021-08-10,26605.62,6830.727773,6.4795,23.516178,45733
2021-08-11,26660.16,6820.68,6.48,19.98,45564
2021-08-12,26517.82,6719.19,6.47,19.78,44403
2021-08-13,26391.62,6589.54,6.48,19.79,47809
2021-08-16,26181.46,6420.14,6.47,20.66,45996
2021-08-17,25745.87,6218.89,6.49,22.89,44692
2021-08-18,25867.01,6226.69,6.48,22.11,44724
2021-08-19,25316.33,6044.03,6.5,24.72,46756
2021-08-20,24849.72,5895.06,6.5,27.2,49324
2021-08-23,25109.59,6021.27,6.48,25.33,49540
2021-08-24,25727.92,6446.18,6.47,23,47715
2021-08-25,25693.95,6458.97,6.47,23.1,48995
2021-08-26,25415.69,6337.03,6.48,23.56,46832
2021-08-27,25407.89,6322.28,6.46,23.91,49064
2021-08-30,25539.54,6391.17,6.46,23.24,46993
2021-08-31,25878.99,6607.78,6.45,22.13,47130
2021-09-01,26028.29,6693.66,6.45,20.43,48819
2021-09-02,26090.43,6801.47,6.45,19.76,49274
2021-09-03,25901.99,6728.84,6.43,20.21,49999
2021-09-06,26163.63,6778.49,6.45,19.53,52672
2021-09-07,26353.63,6887.94,6.46,18.7,46780
2021-09-08,26320.93,6871.28,6.45,19.71,46061
2021-09-09,25716,6560.39,6.45,21.8,46386
2021-09-10,26205.91,6748.36,6.44,19.73,44843
2021-09-13,25813.81,6595.03,6.44,21.11,44950
2021-09-14,25502.23,6502.35,6.43,22.04,47078
2021-09-15,25033.21,6298.09,6.43,23.65,48131
2021-09-16,24667.85,6232.93,6.45,25.18,47748
2021-09-17,24920.76,6452.19,6.47,24.14,47283
2021-09-20,24099.14,6271.37,6.48,29.84,42871
2021-09-21,24221.54,6242.61,6.48,28.7,40651
2021-09-23,24510.98,6300.49,6.46,26.55,44869
2021-09-24,24192.16,6159.96,6.46,27.75,42820
2021-09-27,24208.78,6103.89,6.46,26.54,42173
2021-09-28,24500.39,6231.55,6.46,25.51,41022
2021-09-29,24663.5,6179.43,6.48,24.99,41537
2021-09-30,24575.64,6101.52,6.45,24.67,43823
2021-10-04,24036.37,5973.8,6.45,27.51,49227
2021-10-05,24104.15,5955.22,6.45,26.88,51469
2021-10-06,23966.49,5866.15,6.45,26.53,55323
2021-10-07,24701.73,6172.04,6.45,24.26,53784
2021-10-08,24837.85,6206.77,6.44,24.07,53915
2021-10-11,25325.09,6403.69,6.46,23.45,57477
2021-10-12,24962.59,6199.75,6.45,24.07,56016
2021-10-15,25330.96,6318.91,6.43,21.71,61673
2021-10-18,25409.75,6324.27,6.43,21.33,62056
2021-10-19,25787.21,6518.59,6.38,20.49,64279
2021-10-20,26136.02,6691.33,6.39,20.22,65979
2021-10-21,26017.53,6636.18,6.39,20.17,62210
2021-10-22,26126.93,6754.34,6.38,19.37,60690
2021-10-25,26132.03,6744.74,6.38,18.75,63067
2021-10-26,26038.27,6654.19,6.38,18.58,60311
2021-10-27,25628.74,6441.62,6.39,19.13,58438
2021-10-28,25555.73,6445.17,6.39,19.08,60583
2021-10-29,25377.24,6375.85,6.4,19.36,62243
2021-11-01,25154.32,6279.39,6.39,20.03,60915
2021-11-02,25099.67,6314.31,6.4,20.33,63222
2021-11-03,25024.75,6273.44,6.39,20.24,62919
2021-11-04,25225.19,6375.32,6.4,19.15,61413
2021-11-05,24870.51,6276.52,6.39,19.99,60974
2021-11-08,24763.77,6193.98,6.39,20.79,67528
2021-11-09,24813.13,6221.85,6.39,20.06,66904
2021-11-10,24996.14,6349.94,6.4,20.18,64933
2021-11-11,25247.99,6464.53,6.39,19.99,64807
2021-11-12,25327.97,6565.53,6.38,19.67,64135
2021-11-15,25390.91,6601.15,6.38,19.6,63598
2021-11-16,25713.78,6712.31,6.39,18.95,60089
2021-11-17,25650.08,6672.28,6.37,18.67,60368
2021-11-18,25319.72,6474.55,6.38,19.07,56955
2021-11-19,25049.97,6457.97,6.39,19.34,58083
2021-11-22,24951.34,6410.89,6.39,19.61,56309
2021-11-23,24651.58,6323.48,6.39,20.46,57573
2021-11-24,24685.5,6292.16,6.39,20.03,57172
2021-11-25,24740.16,6358.54,6.39,19.37,58935
2021-11-26,24080.52,6151.99,6.39,23.89,53731
2021-11-29,23852.24,6099.35,6.39,24.93,57795
2021-11-30,23475.26,6028.63,6.37,24.26,56883
2021-12-01,23658.92,6058.8,6.37,23.33,57210
2021-12-02,23788.93,6017.56,6.37,23.47,56496
2021-12-03,23766.69,5925.52,6.37,23.05,53632
2021-12-06,23349.38,5727.49,6.37,25.44,50562
2021-12-07,23983.66,5968.5,6.36,22.61,50595
2021-12-08,23996.87,5970.23,6.34,21.3,50474
2021-12-09,24254.86,6103.16,6.38,19.86,47597
2021-12-10,23995.72,6035.23,6.38,19.87,47137
2021-12-13,23954.58,6022.23,6.37,19.46,46704
2021-12-14,23635.95,5884.82,6.37,20.61,48367
2021-12-15,23420.76,5795.44,6.37,20.86,48872
2021-12-16,23475.5,5822.14,6.38,20.01,47628
2021-12-17,23192.63,5680.47,6.39,21.38,46172
2021-12-20,22744.86,5498.49,6.38,23.82,46895
2021-12-21,22971.33,5612.69,6.37,21.7,48902
2021-12-22,23102.33,5685.29,6.38,20.67,48600
2021-12-23,23193.64,5638.31,6.37,19.92,50801
2021-12-24,23223.76,5619.39,6.37,19.89,50786
2021-12-28,23280.56,5569.42,6.37,20.38,47545
2021-12-29,23086.54,5471.87,6.37,20.89,46462
2021-12-30,23112.01,5475.7,6.37,20.16,47123
2021-12-31,23397.67,5670.96,6.36,19.55,46220
2022-01-03,23274.75,5640.47,6.37,19.42,46430
2022-01-04,23289.84,5581.9,6.37,18.72,45837
2022-01-05,22907.25,5323.47,6.37,20.06,43426
2022-01-06,23072.86,5396.65,6.39,19.42,43098
2022-01-07,23493.38,5503.91,6.38,18.63,41547
2022-01-10,23746.54,5625.5,6.38,18.65,41832
2022-01-11,23739.06,5619.67,6.38,18.54,42733
2022-01-12,24402.17,5899.82,6.36,18.68,43901
2022-01-13,24429.77,5796.78,6.36,18.14,42560
2022-01-14,24383.32,5769.05,6.36,18.41,43073
2022-01-17,24218.03,5724.5,6.35,18.84,42209
2022-01-18,24112.78,5698.54,6.36,18.7,42365
2022-01-19,24127.85,5642.91,6.35,19.18,41678
2022-01-20,24952.35,5896.71,6.34,19.13,40716
2022-01-21,24965.55,5870.57,6.34,20.42,36476
2022-01-24,24656.46,5703.63,6.33,21.89,36686
2022-01-25,24243.61,5552.68,6.33,24.23,36951
2022-01-26,24289.9,5597.03,6.33,23.81,36800
2022-01-27,23807,5383.63,6.37,25.77,37164
2022-01-28,23550.08,5291.7,6.37,25.33,37745
2022-01-31,23802.26,5416.29,6.37,24.24,38499
2022-02-04,24573.29,5581.63,6.36,22.92,41568
2022-02-07,24579.55,5529.51,6.36,23.19,43834
2022-02-08,24329.49,5436.92,6.37,22.54,44038
2022-02-09,24829.99,5635.5,6.36,22.23,44389
2022-02-10,24924.35,5666.99,6.36,22.11,43521
2022-02-11,24906.66,5597.05,6.36,23.2,42388
2022-02-14,24556.57,5502.18,6.36,25.23,42550
2022-02-15,24355.71,5490.28,6.33,25.34,44544
2022-02-16,24718.9,5616.38,6.33,23.63,43884
2022-02-17,24792.77,5662.28,6.33,23.62,40553
2022-02-18,24327.71,5479.9,6.32,25.01,40000
2022-02-21,24170.07,5327.44,6.32,24.43,37018
2022-02-22,23520,5226.7,6.32,27.52,38248
2022-02-23,23660.28,5299.24,6.31,25.33,37225
2022-02-24,22901.56,5069.79,6.32,29.48,38339
2022-02-25,22767.18,5112.62,6.31,26.57,39210
2022-02-28,22713.02,5118.02,6.31,26.99,43188
2022-03-01,22761.71,5155.69,6.32,25.47,44420
2022-03-02,22343.92,5015.74,6.32,27.81,43913
2022-03-03,22467.34,4957.61,6.32,25.95,42463
2022-03-04,21905.29,4737.93,6.32,27.94,39143
2022-03-07,21057.63,4527.83,6.32,33.29,38025
2022-03-08,20765.87,4382.32,6.32,33.91,38745
2022-03-09,20627.71,4393.91,6.32,32.6,41929
2022-03-10,20890.26,4436.65,6.33,30.45,39416
2022-03-11,20553.79,4246.97,6.36,31.75,38730
2022-03-14,19531.66,3778.6,6.39,38.02,39671
2022-03-15,18415.08,3472.42,6.38,49.44,39286
2022-03-16,20087.5,4243.39,6.36,41.1,41119
2022-03-17,21501.23,4572.79,6.36,37.58,40915
2022-03-18,21412.4,4484.93,6.36,33.21,41768
2022-03-21,21221.34,4416.33,6.37,33.89,41022
2022-03-22,21889.28,4653.7,6.37,30.07,42373
2022-03-23,22154.08,4749.12,6.39,28.28,42912
2022-03-24,21945.95,4609.02,6.38,28.71,44013
2022-03-25,21404.88,4379.33,6.38,31.56,44331
2022-03-28,21684.97,4494.01,6.39,30.16,47105
2022-03-29,21927.63,4607.09,6.37,28.17,47449
2022-03-30,22232.03,4622.57,6.36,26.76,47075
2022-03-31,21996.85,4557.99,6.35,25.82,45525
2022-04-01,22039.55,4524.25,6.36,25.81,46297
2022-04-04,22502.31,4769.99,6.37,25.1,46629
2022-04-06,22080.52,4587.73,6.36,26.97,43173
2022-04-07,21808.98,4474.13,6.36,27.83,43448
2022-04-08,21872.01,4422.74,6.37,27.07,42275
2022-04-11,21208.3,4191.03,6.39,31.5,39497
2022-04-12,21319.13,4249.59,6.37,30.58,40078
2022-04-13,21374.37,4268.91,6.38,28.72,41133
2022-04-14,21518.08,4320.1,6.39,27.69,39936
2022-04-19,21027.76,4156.42,6.42,29.27,41503
2022-04-20,20944.67,4134.04,6.44,27.76,41368
2022-04-21,20682.22,3990.08,6.48,28.91,40482
2022-04-22,20638.52,4001.08,6.52,28.95,39709
2022-04-25,19869.33984,3801.089361,6.5511,28.996713,40458.30859
2022-04-26,19934.71,3915.27,6.59,34.06,38113
2022-04-27,19946.36,3981.14,6.58,33.7,39243
2022-04-28,20276.17,4066.89,6.66,31.44,39748
2022-04-29,21089.39,4471.75,6.64,31.51,38581
2022-05-03,21101.89,4409.93,6.65,31.32,37718
2022-05-04,20869.52,4264.91,6.62,30.46,39688
2022-05-05,20793.4,4258.88,6.68,29.61,36544
2022-05-06,20001.96,4036.26,6.72,32.95,36009
2022-05-10,19633.69,3906.43,6.74,35.55,31008
2022-05-11,19824.57,4019.28,6.76,34.38,29068
2022-05-12,19380.34,3864.95,6.83,35.37,28976
2022-05-13,19898.77,4038.97,6.79,33.19,29284
2022-05-16,19950.21,4039.36,6.8,32.93,29849
2022-05-17,20602.52,4272.95,6.74,31.9,30438
2022-05-18,20644.28,4260.37,6.78,30.85,28684
2022-05-19,20120.68,4090.72,6.73,32.71,30306
2022-05-20,20717.24,4284.42,6.69,31.5,29179
2022-05-23,20470.06,4177.65,6.66,31.62,29093
2022-05-24,20112.1,4032.34,6.66,31.96,29649
2022-05-25,20171.27,4043.69,6.71,31.33,29541
2022-05-26,20116.2,4033.79,6.77,30.52,29204
2022-05-27,20697.36,4186.95,6.72,28.36,28601
2022-05-30,21123.93,4352.02,6.67,27.74,31723
2022-05-31,21415.2,4483.6,6.68,27.47,31793
2022-06-01,21294.94,4433.38,6.7,27.06,29799
2022-06-02,21082.13,4397.74,6.65,27.61,30456
2022-06-06,21653.9,4601.95,6.66,28.26,31368
2022-06-07,21531.67,4599.48,6.67,27.99,31129
2022-06-08,22014.59,4818.36,6.7,27.81,30202
2022-06-09,21869.05,4749.57,6.7,27.44,30098
2022-06-10,21806.18,4826.42,6.73,27.68,29083
2022-06-13,21067.58,4598.65,6.78,31.54,22448
2022-06-14,21067.99,4595.74,6.76,31.11,22157
2022-06-15,21308.21,4703.72,6.67,30.96,22578
2022-06-16,20845.43,4547.22,6.68,31.65,20387
2022-06-17,21075,4653.36,6.71,31.07,20445
2022-06-20,21163.91,4657.37,6.69,30.56,20572
2022-06-21,21559.59,4760.14,6.69,29,20720
2022-06-22,21008.34,4552.33,6.71,29.97,19966
2022-06-23,21273.87,4655.91,6.7,29.67,21101
2022-06-24,21719.06,4844.58,6.68,29.83,21227
2022-06-27,22229.52,5072.89,6.69,31.02,20730
2022-06-28,22418.97,5103.89,6.7,30.42,20278
2022-06-29,21996.89,4937.23,6.71,30.8,20111
2022-06-30,21859.79,4870.3,6.69,30.69,19927
2022-07-04,21830.35,4884.18,6.69,30.27,20216
2022-07-05,21853.07,4861.4,6.71,29.43,20201
2022-07-06,21586.66,4801.75,6.71,28.78,20561
2022-07-07,21643.58,4780.04,6.69,27.93,21638
2022-07-08,21725.78,4808.47,6.68,26.32,21611
2022-07-11,21124.2,4622.92,6.73,28.46,19963
2022-07-12,20844.74,4524.11,6.74,29.16,19331
2022-07-13,20797.95,4547.1,6.73,28.7,20250
2022-07-14,20751.21,4587.73,6.76,28.7,20586
2022-07-15,20297.72,4440.11,6.75,29.97,20825
2022-07-18,20846.18,4574.4,6.76,29.15,22526
2022-07-19,20661.06,4506.74,6.74,28.84,23410
2022-07-20,20890.22,4576.86,6.77,27.35,23215
2022-07-21,20574.63,4582.36,6.77,27.67,23153
2022-07-22,20609.14,4597.64,6.76,26.74,22675
2022-07-25,20562.94,4534.34,6.75,26.76,21302
2022-07-26,20905.88,4596.34,6.77,25.29,21249
2022-07-27,20670.04,4536.62,6.74,25.18,22958
2022-07-28,20622.68,4552.54,6.74,23.82,23850
2022-07-29,20156.51,4331.19,6.75,24.69,23774
2022-08-01,20165.84,4324.03,6.78,25.71,23271
2022-08-02,19689.21,4194.04,6.78,28.98,22989
2022-08-03,19767.09,4246.13,6.76,26.89,22821
2022-08-04,20174.04,4381.12,6.75,25.33,22612
2022-08-05,20201.94,4415.86,6.77,23.99,23308
2022-08-08,20045.77,4335.54,6.76,24.64,23816
2022-08-09,20003.44,4295.24,6.75,23.45,23147
2022-08-10,19610.84,4173.77,6.72,25.54,23963
2022-08-11,20082.43,4326.85,6.74,23.81,23935
2022-08-12,20175.62,4350.07,6.74,23.19,24399
2022-08-15,20040.86,4308.31,6.82,23.83,24102
2022-08-16,19830.52,4221.03,6.79,24.31,23857
2022-08-17,19922.45,4238.9,6.79,23.73,23338
2022-08-18,19763.91,4192.64,6.8,23.86,23204
2022-08-19,19773.03,4192.31,6.83,23.17,20831
2022-08-22,19656.98,4152.04,6.87,23.47,21416
2022-08-23,19503.25,4141.04,6.85,23.95,21517
2022-08-24,19268.74,4026.45,6.88,24.47,21365
2022-08-25,19968.38,4268.54,6.85,24.23,21565
2022-08-26,20170.04,4302.17,6.89,24.48,20250
2022-08-29,20023.22,4249.17,6.91,25.55,20296
2022-08-30,19949.03,4227.43,6.92,24.96,19793
2022-08-31,19954.39,4273.68,6.91,24.9,20044
2022-09-01,19597.31,4204.03,6.92,26.51,20126
2022-09-02,19452.09,4143.53,6.92,26.43,19953
2022-09-05,19225.7,4063.91,6.94,27.34,19793
2022-09-06,19202.73,4066.83,6.97,26.37,18786
2022-09-07,19044.3,4014.01,6.96,26.68,19282
2022-09-08,18854.62,3974.05,6.96,26.79,19317
2022-09-09,19362.25,4077.32,6.94,25.44,21365
2022-09-13,19326.86,4069.29,6.98,25.8,20176
2022-09-14,18847.1,3953.37,6.97,26.63,20223
2022-09-15,18930.38,3963.31,7.01,25.69,19702
2022-09-16,18761.69,3858.46,7,26.5,19802
2022-09-19,18565.97,3778.77,7,27.31,19539
2022-09-20,18781.42,3853.98,7.03,26.52,18872
2022-09-21,18444.62,3737.32,7.07,27.78,18489
2022-09-22,18147.95,3673.8,7.08,27.77,19404
2022-09-23,17933.27,3589.63,7.13,27.93,19294
2022-09-26,17855.14,3647.39,7.17,29.89,19226
2022-09-27,17860.31,3667.41,7.18,29.49,19081
2022-09-28,17250.88,3526.23,7.16,33.18,19411
2022-09-29,17165.87,3482.52,7.1,34.76,19593
2022-09-30,17222.83,3450.12,7.14,32.66,19423
2022-10-03,17079.51,3427.13,7.1,33.39,19628
2022-10-05,18087.97,3685.51,7.07,29.43,20158
2022-10-06,18012.15,3660.72,7.08,29.13,19957
2022-10-07,17740.05,3539.87,7.13,29.94,19531
2022-10-10,17216.66,3398.88,7.15,33.42,19135
2022-10-11,16832.36,3278.24,7.17,35.99,19059
2022-10-12,16701.03,3269.54,7.17,36.22,19155
2022-10-13,16389.11,3157.75,7.17,37.72,19380
2022-10-14,16587.69,3206.63,7.22,36.35,19182
2022-10-17,16612.9,3200.12,7.21,35.82,19548
2022-10-18,16914.58,3336.25,7.22,33.66,19328
2022-10-19,16511.28,3196.58,7.27,33.5,19124
2022-10-20,16280.22,3120.83,7.26,35.33,19043
2022-10-21,16211.12,3101.37,7.23,35.1,19163
2022-10-24,15180.69,2801.99,7.33,43.12,19332
2022-10-25,15165.59,2884.79,7.31,41.21,20083
2022-10-26,15317.67,2956.41,7.19,38.6,20770
2022-10-27,15427.94,2989.18,7.25,36.58,20293
2022-10-28,14863.06,2822.92,7.27,39.7,20594
2022-10-31,14687.02,2852.57,7.34,39.47,20496
2022-11-01,15455.27,3075.16,7.31,38.03,20484
2022-11-02,15827.17,3156.59,7.34,36.57,20154
2022-11-03,15339.49,3035.39,7.33,37.05,20206
2022-11-04,16161.14,3264.23,7.18,37.74,21146
2022-11-07,16595.91,3396.64,7.23,37.67,20589
2022-11-08,16557.31,3343.76,7.23,36.16,18527
2022-11-09,16358.52,3280.48,7.27,34.94,15887
2022-11-10,16081.04,3172.76,7.15,35.92,17589
2022-11-11,17325.66,3491.7,7.09,37.32,17050
2022-11-14,17619.71,3554.39,7.04,37.97,16614
2022-11-15,18343.12,3813.86,7.05,38.58,16895
2022-11-16,18256.48,3805.25,7.11,37.97,16541
2022-11-17,18045.66,3721.61,7.15,36.79,16691
2022-11-18,17992.54,3742.7,7.12,34.86,16638
2022-11-21,17655.91,3631.97,7.18,34.8,15776
2022-11-22,17424.41,3515.37,7.14,32.82,16213
2022-11-23,17523.81,3555.02,7.15,31.2,16624
2022-11-24,17660.9,3582.95,7.17,30.33,16601
2022-11-25,17573.58,3500.31,7.2,29.66,16512
2022-11-28,17297.94,3432.86,7.25,32.46,16212
2022-11-29,18204.68,3695.8,7.14,34.32,16440
2022-11-30,18597.23,3798.19,7.04,34.51,17164
2022-12-01,18736.44,3839.27,7.04,33.54,16972
2022-12-02,18675.35,3878.81,7.02,32.55,17094
2022-12-05,19518.29,4238.2,6.97,34.36,16967
2022-12-06,19441.18,4161.21,6.98,32.26,17089
2022-12-07,18814.82,4004.31,6.96,31.92,16835
2022-12-08,19450.23,4270.21,6.96,31.01,17226
2022-12-09,19900.87,4369.53,6.97,31.68,17126
2022-12-12,19463.63,4192.67,6.99,32.41,17210
2022-12-13,19596.2,4223.2,6.96,32.35,17779
2022-12-14,19673.45,4237.66,6.94,29.79,17796
2022-12-15,19368.59,4136.42,6.99,28.26,17356
2022-12-16,19450.67,4149.22,6.98,28.11,16630
2022-12-19,19352.81,4125.06,6.99,28.54,16441
2022-12-20,19094.8,3996.36,6.96,28.57,16903
2022-12-21,19160.49,4024.84,6.99,27.34,16832
2022-12-22,19679.22,4210.53,7.01,28.32,16821
2022-12-23,19593.06,4124.33,7,28.43,16779
2022-12-28,19898.91,4212.44,6.99,29.37,16546
2022-12-29,19741.14,4107.43,6.97,29.18,16636
2022-12-30,19781.41,4128.79,6.92,28.76,16607
2023-01-03,20145.29,4233.37,6.92,30.29,16674
2023-01-04,20793.11,4427.17,6.9,29.61,16852
2023-01-05,21052.17,4494.22,6.89,29.29,16830
2023-01-06,20991.64,4431.12,6.83,28.02,16951
2023-01-09,21388.34,4570.72,6.78,27.87,17180
2023-01-10,21331.46,4558.58,6.78,26.33,17439
2023-01-11,21436.05,4547.12,6.77,24.82,17942
2023-01-12,21514.1,4487.07,6.73,24.7,18851
2023-01-13,21738.66,4554.78,6.71,22.67,19927
2023-01-16,21746.72,4506.72,6.74,22.77,21184
2023-01-17,21577.64,4500.54,6.77,22.67,21137
2023-01-18,21678,4524.67,6.77,22.01,20671
2023-01-19,21650.98,4449.91,6.77,22.28,21081
2023-01-20,22044.65,4568.79,6.78,22.33,22677
2023-01-26,22566.78,4763.61,6.73,22.95,23016
2023-01-27,22688.9,4813.23,6.76,22.45,23075
2023-01-30,22069.73,4580.22,6.76,24.9,22832
2023-01-31,21842.33,4542.58,6.76,24.78,23125
2023-02-01,22072.18,4695.7,6.72,23.69,23726
2023-02-02,21958.36,4696.55,6.74,23.04,23428
2023-02-03,21660.47,4634.19,6.81,23.92,23431
2023-02-06,21222.16,4464.82,6.8,25.67,22762
2023-02-07,21298.7,4516.31,6.78,24.85,23252
2023-02-08,21283.52,4431.58,6.8,23.91,22965
2023-02-09,21624.36,4571.71,6.8,23.96,21793
2023-02-10,21190.42,4362.22,6.82,24.83,21635
2023-02-13,21164.42,4374.9,6.82,25.56,21773
2023-02-14,21113.76,4330.6,6.84,25.14,22199
2023-02-15,20812.17,4288.75,6.86,24.53,24328
2023-02-16,20987.67,4367.1,6.87,24.05,23540
2023-02-17,20719.81,4257.63,6.87,24.27,24574
2023-02-20,20886.96,4311.61,6.86,24.46,24840
2023-02-21,20529.49,4158.04,6.89,25.23,24451
2023-02-22,20423.84,4100.58,6.9,26.24,24187
2023-02-23,20351.35,4149.12,6.92,26.02,23936
2023-02-24,20010.04,4010.66,6.98,27.39,23192
2023-02-27,19943.51,3989.83,6.96,27.81,23494
2023-02-28,19785.94,3925.06,6.95,27.2,23131
2023-03-01,20619.71,4185.62,6.88,27.45,23642
2023-03-02,20429.46,4126.31,6.92,26.46,23465
2023-03-03,20567.54,4211.31,6.9,25.71,22354
2023-03-06,20603.19,4177.25,6.95,25.48,22410
2023-03-07,20534.48,4122.6,6.99,25.05,22198
2023-03-08,20051.25,3989.28,6.97,25.86,21711
2023-03-09,19925.74,3930.94,6.98,25.5,20362
2023-03-10,19319.92,3782.22,6.94,27.39,20157
2023-03-13,19695.97,3891.48,6.85,28.16,24114
2023-03-14,19247.96,3790.62,6.88,31.15,24700
2023-03-15,19539.87,3866.26,6.89,28.21,24283
2023-03-16,19203.91,3811.81,6.89,30.25,25004
2023-03-17,19518.59,3979.8,6.89,28,27392
2023-03-20,19000.71,3870.27,6.87,31.09,27721
2023-03-21,19258.76,3965.17,6.88,29.64,28114
2023-03-22,19591.43,4009.13,6.86,28.09,27262
2023-03-23,20049.64,4198.99,6.83,26.98,28311
2023-03-24,19915.68,4224.85,6.87,26.83,27462
2023-03-27,19567.69,4105.69,6.88,28.39,27130
2023-03-28,19784.65,4144.12,6.88,26.88,27262
2023-03-29,20192.4,4246.35,6.89,27.11,28350
2023-03-30,20309.13,4270.32,6.87,26.08,28030
2023-03-31,20400.11,4303.71,6.87,25.44,28474
2023-04-03,20409.18,4302.52,6.88,25.18,27802
2023-04-04,20274.59,4233.42,6.88,24.53,28164
2023-04-06,20331.2,4237.63,6.88,24.33,28037
2023-04-11,20485.24,4248.14,6.89,24.8,30210
2023-04-12,20309.86,4166.77,6.88,24.51,29886
2023-04-13,20344.48,4159.85,6.87,23.44,30387
2023-04-14,20438.81,4164.03,6.87,22.49,30473
2023-04-17,20782.45,4254.01,6.88,22.88,29435
2023-04-18,20650.51,4202.67,6.88,22.13,30382
2023-04-19,20367.76,4102.02,6.89,22.54,28814
2023-04-20,20396.97,4098.35,6.88,21.81,28241
2023-04-21,20075.73,3969.94,6.9,21.9,27265
2023-04-24,19959.94,3961.17,6.9,22.06,27509
2023-04-25,19617.88,3824.09,6.94,22.54,28299
2023-04-26,19757.27,3872.01,6.94,22.93,28425
2023-04-27,19840.28,3861.98,6.93,22.68,29476
2023-04-28,19894.57,3901.52,6.93,21.87,29322
2023-05-02,19933.81,3898.59,6.93,22.38,28669
2023-05-03,19699.16,3835.06,6.92,23.11,29024
2023-05-04,19948.73,3856,6.92,23.17,28842
2023-05-05,20049.31,3895.53,6.92,23.38,29513
2023-05-08,20297.03,3914.34,6.92,22.77,27671
2023-05-09,19867.58,3798.7,6.92,22.88,27635
2023-05-10,19762.2,3811.66,6.94,22.42,27603
2023-05-11,19743.79,3862.85,6.96,21.46,26984
2023-05-12,19627.24,3874.11,6.97,21.18,26799
2023-05-15,19971.13,3925.5,6.96,21.79,27184
2023-05-16,19978.25,3958.25,7,21.41,27035
2023-05-17,19560.57,3870.09,7.01,22.26,27403
2023-05-18,19727.25,3917.09,7.05,21.81,26828
2023-05-19,19450.57,3821.73,7.02,22.35,26883
2023-05-22,19678.17,3903.58,7.05,22.03,26847
2023-05-23,19431.25,3852.45,7.07,21.76,27221
2023-05-24,19115.93,3775.93,7.06,23.2,26328
2023-05-25,18746.92,3691.16,7.09,24.88,26476
2023-05-29,18551.11,3647.26,7.09,25.55,27739
2023-05-30,18595.78,3702.13,7.09,24.47,27698
2023-05-31,18234.27,3626.73,7.12,25.44,27216
2023-06-01,18216.91,3630.87,7.1,24.53,26819
2023-06-02,18949.94,3824.28,7.11,23.83,27245
2023-06-05,19108.5,3840.77,7.12,23.17,25747
2023-06-06,19099.28,3834.34,7.13,23.06,27230
2023-06-07,19252,3921.02,7.15,23.07,26343
2023-06-08,19299.18,3894.3,7.12,22.73,26501
2023-06-09,19389.95,3934.22,7.14,21.71,26479
2023-06-12,19404.31,3944.67,7.15,21.7,25907
2023-06-13,19521.42,4038.2,7.17,21.92,25929
2023-06-14,19408.42,4052.69,7.18,21.24,25130
2023-06-15,19828.92,4198.32,7.12,21.76,25591
2023-06-16,20040.37,4233.49,7.13,21.96,26341
2023-06-19,19912.89,4178.25,7.16,22.06,26846
2023-06-20,19607.08,4075.17,7.18,21.79,28308
2023-06-21,19218.35,3961.58,7.18,22.33,29997
2023-06-23,18889.97,3879.33,7.22,23.09,30679
2023-06-26,18794.13,3872.61,7.24,23.81,30267
2023-06-27,19148.13,3972.17,7.22,22.95,30689
2023-06-28,19172.05,4001.97,7.24,22.25,30079
2023-06-29,18934.36,3933.44,7.27,22.48,30446
2023-06-30,18916.43,3911.31,7.27,21.92,30473
2023-07-03,19306.59,4054.35,7.25,22.57,31151
2023-07-04,19415.68,4074.42,7.23,22.05,30768
2023-07-05,19110.38,4016.53,7.26,22.57,30513
2023-07-06,18533.05,3948.82,7.25,23.43,29913
2023-07-07,18365.7,3901.21,7.23,24.03,30346
2023-07-10,18479.72,3945.11,7.23,24.39,30415
2023-07-11,18659.83,4003.05,7.21,23.82,30623
2023-07-12,18860.95,4081.37,7.17,23.77,30387
2023-07-13,19350.62,4237.09,7.15,23.74,31466
2023-07-14,19413.78,4228.71,7.16,22.92,30317
2023-07-18,19015.72,4129.29,7.19,23.73,29867
2023-07-19,18952.31,4114.97,7.23,23.84,29910
2023-07-20,18928.02,4063.74,7.17,24.31,29801
2023-07-21,19075.26,4104.36,7.19,24,29903
2023-07-24,18668.15,4015.08,7.18,25.67,29178
2023-07-25,19434.4,4257.58,7.14,26.53,29229
2023-07-26,19365.14,4218.83,7.15,25.01,29352
2023-07-27,19639.11,4341.19,7.17,25.38,29223
2023-07-28,19916.56,4466.57,7.15,26.04,29315
2023-07-31,20078.94,4549.95,7.14,26.45,29232
2023-08-01,20011.12,4538.1,7.18,25.12,29712
2023-08-02,19517.38,4388.77,7.2,25.24,29174
2023-08-03,19420.87,4406.44,7.18,25.2,29189
2023-08-04,19539.46,4497.31,7.19,25.05,29106
2023-08-07,19537.92,4499.43,7.2,24.62,29204
2023-08-08,19184.17,4374.2,7.24,24.18,29777
2023-08-09,19246.03,4373.71,7.23,23.7,29578
2023-08-10,19248.26,4378.04,7.24,24.02,29449
2023-08-11,19075.19,4273.19,7.26,23.49,29421
2023-08-14,18773.55,4208.43,7.28,25.28,29427
2023-08-15,18581.11,4179.13,7.32,25.78,29195
2023-08-16,18329.3,4126.13,7.34,26.34,28726
2023-08-17,18326.63,4158.28,7.3,27.05,26636
2023-08-18,17950.85,4007.39,7.31,27.97,26053
2023-08-21,17623.29,3923.16,7.29,31.53,26126
2023-08-22,17791.01,4000.92,7.3,29.5,26040
2023-08-23,17845.92,4008.86,7.29,27.7,26436
2023-08-24,18212.17,4158.02,7.28,27.17,26177
2023-08-25,17956.38,4058.95,7.29,28.54,26057
2023-08-28,18130.74,4127.54,7.29,28.55,26119
2023-08-29,18484.03,4234.43,7.28,27.92,27724
2023-08-30,18482.86,4195.41,7.3,26.46,27299
2023-08-31,18382.06,4179.49,7.27,25.53,25937
2023-09-04,18844.16,4305.02,7.28,25.5,25823
2023-09-05,18456.91,4193.45,7.3,25.36,25790
2023-09-06,18449.98,4176.84,7.32,24.61,25758
2023-09-07,18202.07,4091.65,7.34,24.37,26250
2023-09-11,18096.45,4083.14,7.3,24.27,25166
2023-09-12,18025.89,4063.96,7.3,23.35,25835
2023-09-13,18009.22,4041.19,7.27,22.94,26223
2023-09-14,18047.92,4059.15,7.29,22.31,26525
2023-09-15,18182.89,4077.91,7.28,21.24,26601
2023-09-18,17930.55,3987.35,7.29,22.4,26764
2023-09-19,17997.17,3984.79,7.3,22.04,27209
2023-09-20,17885.6,3921.83,7.31,21.86,27125
2023-09-21,17655.41,3849.27,7.31,22.2,26570
2023-09-22,18057.45,3991.33,7.3,22.42,26582
2023-09-25,17729.29,3882.9,7.32,22.92,26303
2023-09-26,17466.9,3817.27,7.31,23.84,26219
2023-09-27,17611.87,3833.87,7.32,23.3,26366
2023-09-28,17373.03,3778.12,7.29,23.86,27023
2023-09-29,17809.66,3920.59,7.3,23.06,26910
2023-10-03,17331.22,3817.52,7.32,26.28,27428
2023-10-04,17195.84,3752.42,7.32,26.56,27791
2023-10-05,17213.87,3757.82,7.3,25.99,27410
2023-10-06,17485.98,3816.15,7.31,25.61,27937
2023-10-09,17517.4,3825.48,7.29,26.4,27581
2023-10-10,17664.73,3874.67,7.29,25.51,27391
2023-10-11,17893.1,3952.5,7.3,24.87,26877
2023-10-12,18238.21,4019.05,7.31,24.17,26761
2023-10-13,17813.45,3879.84,7.31,24.9,26864
2023-10-16,17640.36,3811.68,7.31,25.82,28510
2023-10-17,17773.34,3836.05,7.32,24.77,28404
2023-10-18,17732.52,3771.92,7.33,24.44,28322
2023-10-19,17295.89,3700.15,7.34,25.82,28723
2023-10-20,17172.13,3662.15,7.33,26.18,29675
2023-10-24,16991.53,3622.86,7.31,27.19,33917
2023-10-25,17085.33,3700.94,7.33,26.59,34497
2023-10-26,17044.61,3712.55,7.32,27.31,34154
2023-10-27,17398.73,3806.1,7.33,26.15,33902
2023-10-30,17406.36,3854.31,7.32,26.4,34478
2023-10-31,17112.48,3759.16,7.34,26.08,34651
2023-11-01,17101.78,3752.37,7.33,25.09,35424
2023-11-02,17230.59,3813.42,7.33,24.08,34931
2023-11-03,17664.12,3937.37,7.29,23.56,34719
2023-11-06,17966.59,4098.58,7.28,24.27,35042
2023-11-07,17670.16,4055.84,7.28,23.74,35426
2023-11-08,17568.46,4020.84,7.29,23.11,35637
2023-11-09,17511.29,4024.24,7.3,22.56,36701
2023-11-10,17203.26,3892.44,7.31,23.3,37303
2023-11-13,17426.21,3981.27,7.29,23.83,36478
2023-11-14,17396.86,3951.75,7.25,23.99,35549
2023-11-15,18079,4125.87,7.26,25.08,37875
2023-11-16,17832.82,4049.72,7.25,24.88,36161
2023-11-17,17454.19,3980.15,7.22,24.9,36595
2023-11-20,17778.07,4077.58,7.16,24.45,37454
2023-11-21,17733.89,4037.07,7.14,24.43,35814
2023-11-22,17734.6,4029.82,7.16,23.52,37411
2023-11-23,17910.84,4117.12,7.15,23.34,37293
2023-11-24,17559.42,4024.83,7.15,23.59,37717
2023-11-27,17525.06,4031.66,7.16,23.59,37249
2023-11-28,17354.14,4000.42,7.13,23.08,37823
2023-11-29,16993.44,3910.24,7.14,24.65,37856
2023-11-30,17042.88,3899.64,7.14,23.55,37713
2023-12-01,16830.3,3830.92,7.12,23.29,38688
2023-12-04,16646.05,3759.72,7.15,23.61,41988
2023-12-05,16327.86,3682.67,7.17,24.65,44076
2023-12-06,16463.26,3747.58,7.17,23.86,43776
2023-12-07,16345.89,3720.21,7.16,23.88,43290
2023-12-08,16334.37,3705.93,7.19,23.66,44176
2023-12-11,16201.49,3666.51,7.19,24.3,41256
2023-12-12,16374.5,3730.25,7.19,23.9,41487
2023-12-13,16228.75,3686.21,7.14,22.84,42885
2023-12-14,16402.19,3698.57,7.12,22.36,43026
2023-12-15,16792.19,3780.69,7.13,22.49,41929
2023-12-18,16629.23,3730.66,7.14,22.81,42660
2023-12-19,16505,3707.76,7.12,22.06,42259
2023-12-20,16613.81,3726.5,7.15,21.49,43663
2023-12-21,16621.13,3710.22,7.14,21.93,43866
2023-12-22,16340.41,3548.05,7.15,23.17,43969
2023-12-27,16624.84,3639.76,7.15,23.22,43447
2023-12-28,17043.53,3763.9,7.12,22.49,42581
2023-12-29,17047.39,3764.29,7.13,21.94,42072
2024-01-02,16788.55,3714.77,7.15,22.29,44944
2024-01-03,16646.41,3646.39,7.16,22.07,42836
2024-01-04,16645.98,3654.94,7.18,21.77,44157
2024-01-05,16535.33,3592.33,7.17,21.47,44157
2024-01-08,16224.45,3484.75,7.16,22.53,46962
2024-01-09,16190.02,3454.5,7.18,22.05,46129
2024-01-10,16097.28,3428.2,7.18,21.85,46629
2024-01-11,16302.04,3503.02,7.17,21.82,46348
2024-01-12,16244.58,3470.64,7.19,21.6,42836
2024-01-15,16216.33,3404,7.18,21.75,42511
2024-01-16,15865.92,3325.93,7.22,22.51,43146
2024-01-17,15276.9,3160,7.22,25.72,42769
2024-01-18,15391.79,3176.08,7.21,24.69,41293
2024-01-19,15308.69,3129.92,7.2,24.13,41648
2024-01-22,14961.18,3035.47,7.19,27.52,39556
2024-01-23,15353.98,3147.81,7.17,26.78,39889
2024-01-24,15899.87,3281.16,7.16,27.41,40086
2024-01-25,16211.96,3310.69,7.18,26.28,39936
2024-01-26,15952.23,3186.49,7.19,25.48,41811
2024-01-29,16077.24,3203.59,7.19,25.7,43300
2024-01-30,15703.45,3098.87,7.19,26.22,42946
2024-01-31,15485.07,3005.8,7.18,25.79,42581
2024-02-01,15566.21,3065.95,7.19,25.8,43081
2024-02-02,15533.56,3043.9,7.21,25.54,43195
2024-02-05,15510.01,3038.84,7.22,27.07,42697
2024-02-06,16136.87,3243.81,7.2,27.61,43088
2024-02-07,16081.89,3190.68,7.21,27.07,44340
2024-02-08,15878.07,3168.55,7.21,27.22,45293
2024-02-09,15746.58,3127.22,7.22,26.73,47128
2024-02-14,15879.38,3197.87,7.22,27.73,51782
2024-02-15,15944.63,3223.1,7.22,27.17,51901
2024-02-16,16339.96,3342.73,7.21,27.53,52134
2024-02-19,16155.61,3253.09,7.21,27.35,51784
2024-02-20,16247.51,3264.4,7.2,26.23,52264
2024-02-21,16503.1,3351.22,7.2,26.14,51858
2024-02-22,16742.95,3410.02,7.2,26.67,51320
2024-02-23,16725.86,3399.84,7.2,26.93,50741
2024-02-26,16634.74,3393.29,7.21,26.35,54495
2024-02-27,16790.8,3503.17,7.21,25.73,57056
2024-02-28,16536.85,3426.61,7.21,25.48,62468
2024-02-29,16511.44,3431.3,7.21,24.52,61169
2024-03-01,16589.44,3488.13,7.21,24.74,62398
2024-03-04,16595.97,3474.77,7.21,25.27,68270
2024-03-05,16162.64,3323.89,7.21,25.63,63793
2024-03-06,16438.09,3412.57,7.21,24.88,66080
2024-03-07,16229.78,3359.34,7.2,24.43,66855
2024-03-08,16353.39,3385.58,7.2,23.5,68172
2024-03-11,16587.57,3482.29,7.18,23.47,72099
2024-03-12,17093.5,3643.91,7.19,24.25,71470
2024-03-13,17082.11,3656.3,7.19,23.64,73066
2024-03-14,16961.66,3603.83,7.2,22.94,71388
2024-03-15,16720.89,3549.84,7.21,22.62,69464
2024-03-18,16737.12,3594.22,7.21,22.6,67594
2024-03-19,16529.48,3528.47,7.21,22.18,62050
2024-03-20,16543.07,3551.42,7.21,21.91,67854
2024-03-21,16863.1,3582.9,7.22,21.48,65504
2024-03-22,16499.47,3455.88,7.27,21.6,63786
2024-03-25,16473.64,3437.2,7.25,21.5,69892
2024-03-26,16618.32,3471.49,7.25,21.09,69999
2024-03-27,16392.84,3393.43,7.25,21.16,69442
2024-03-28,16541.42,3477.55,7.26,20.37,70762
2024-04-02,16931.52,3543.12,7.25,21.89,65439
2024-04-03,16725.1,3460.87,7.25,21.49,65963
2024-04-05,16723.92,3450.89,7.25,22.01,67831
2024-04-08,16732.85,3444.61,7.24,22.61,71630
2024-04-09,16828.07,3478.24,7.24,22.39,69148
2024-04-10,17139.17,3552.01,7.26,22.73,70622
2024-04-11,17095.03,3538.39,7.25,22.51,70012
2024-04-12,16721.69,3474.47,7.27,22.4,67152
2024-04-15,16600.46,3442.49,7.26,23,63412
2024-04-16,16248.97,3337.85,7.26,24.05,63805
2024-04-17,16251.84,3340.22,7.24,22.98,61279
2024-04-18,16385.87,3356.82,7.25,22.45,63481
2024-04-19,16224.14,3278.06,7.25,22.49,63799
2024-04-22,16511.69,3336.35,7.25,22.74,66829
2024-04-23,16828.93,3449.1,7.26,22.89,66415
2024-04-24,17201.27,3573.59,7.27,23.6,64286
2024-04-25,17284.54,3554.3,7.25,23.47,64497
2024-04-26,17651.15,3718.27,7.27,24.11,63766
2024-04-29,17746.91,3713.32,7.24,24.06,63860
2024-04-30,17763.03,3700.67,7.25,22.92,60667
2024-05-02,18207.13,3865.48,7.21,23.57,59121
2024-05-03,18475.92,3971.29,7.19,24.02,62878
2024-05-06,18578.3,4007.78,7.21,23.97,63163
2024-05-07,18479.37,3922.54,7.22,22.94,62318
2024-05-08,18313.86,3872.01,7.23,22.04,61208
2024-05-09,18537.81,3947.41,7.22,21.86,63075
2024-05-10,18963.68,3962.32,7.23,22.27,60797
2024-05-13,19115.06,4018.69,7.24,22.39,62937
2024-05-14,19073.71,4041.45,7.24,21.82,61569
2024-05-16,19376.53,4072.15,7.22,22.01,65231
2024-05-17,19553.61,4112.59,7.23,21.75,67037
2024-05-20,19636.22,4135.38,7.25,21.56,71423
2024-05-21,19220.62,3980.63,7.25,21.93,70140
2024-05-22,19195.6,3992.59,7.25,21.44,69155
2024-05-23,18868.71,3896.19,7.26,21.21,67976
2024-05-24,18608.94,3799.47,7.26,21.64,68548
2024-05-27,18827.35,3864.48,7.26,21.26,69429
2024-05-28,18821.16,3854.57,7.26,20.67,68366
2024-05-29,18477.01,3765.24,7.27,21.48,67636
2024-05-30,18230.19,3752.76,7.25,21.61,68355
2024-05-31,18079.61,3690.76,7.26,22.15,67530
2024-06-03,18403.04,3784.04,7.25,22.04,68808
2024-06-04,18444.11,3796.17,7.25,21.48,70549
2024-06-05,18424.96,3807.73,7.26,21.43,71084
2024-06-06,18476.8,3840.66,7.26,21.43,70792
2024-06-07,18366.95,3772.47,7.26,20.84,69348
2024-06-11,18176.34,3755.42,7.27,21.22,67320
2024-06-12,17937.84,3691.28,7.26,21.26,68260
2024-06-13,18112.63,3739.14,7.27,20.58,66773
2024-06-14,17941.78,3707.62,7.27,19.95,66035
2024-06-17,17936.12,3709.35,7.27,20.08,66499
2024-06-18,17915.55,3697.21,7.27,19.3,65160
2024-06-19,18430.39,3832.32,7.28,20.24,64981
2024-06-20,18335.32,3767.88,7.29,20.12,64854
2024-06-21,18028.52,3701.4,7.29,19.66,64129
2024-06-24,18027.71,3677.51,7.28,20.15,60293
2024-06-25,18072.9,3655.46,7.29,19.27,61809
2024-06-26,18089.93,3689.68,7.3,18.86,60849
2024-06-27,17716.47,3588.86,7.3,20.12,61685
2024-06-28,17718.61,3554.45,7.3,19.21,60403
2024-07-02,17769.14,3539.13,7.31,20.12,62103
2024-07-03,17978.57,3626.93,7.3,19.94,60199
2024-07-04,18028.28,3649.67,7.29,19.81,57026
2024-07-05,17799.61,3596.8,7.29,19.54,56642
2024-07-08,17524.06,3566.63,7.29,20.39,56725
2024-07-09,17523.23,3600.9,7.29,19.81,58039
2024-07-10,17471.67,3600.49,7.29,19.79,57747
2024-07-11,17832.33,3696.49,7.27,20.53,57337
2024-07-12,18293.38,3782.08,7.27,21.13,57885
2024-07-15,18015.94,3672.58,7.27,21.5,64782
2024-07-16,17727.98,3622.84,7.29,21.06,65050
2024-07-17,17739.41,3640.88,7.27,20.81,64089
2024-07-18,17778.41,3613.13,7.28,20.99,63981
2024-07-19,17417.68,3536.54,7.28,20.36,66677
2024-07-22,17635.88,3610.71,7.3,21.1,67554
2024-07-23,17469.36,3545.09,7.29,20.14,65938
2024-07-24,17311.05,3491.2,7.27,20.33,65371
2024-07-25,17004.97,3421.26,7.24,20.8,65799
2024-07-26,17021.31,3443.73,7.26,21.15,67909
2024-07-29,17238.34,3466.6,7.27,20.79,66799
2024-07-30,17002.91,3414.04,7.24,20.74,66185
2024-07-31,17344.6,3516.87,7.23,20.59,64626
2024-08-01,17304.96,3476.58,7.25,19.62,65373
2024-08-02,16945.51,3385.6,7.16,21.55,61479
2024-08-05,16698.36,3339.42,7.14,26.06,53979
2024-08-06,16647.34,3342.52,7.16,23.68,56058
2024-08-07,16877.86,3382.42,7.17,22.11,55121
2024-08-08,16891.83,3366.68,7.18,22.81,61700
2024-08-09,17090.23,3436.8,7.17,21.57,60851
2024-08-12,17111.65,3429.84,7.18,21.09,59350
2024-08-13,17174.06,3429.69,7.15,21.06,60595
2024-08-14,17113.36,3395.7,7.15,20.23,58708
2024-08-15,17109.14,3384.38,7.18,19.46,57535
2024-08-16,17430.16,3459.09,7.16,19.26,58877
2024-08-19,17569.57,3517.09,7.13,19.65,59471
2024-08-20,17511.08,3498.08,7.11,19.66,59006
2024-08-21,17391.01,3434.39,7.13,19.91,61158
2024-08-22,17641,3508.61,7.15,19.23,60372
2024-08-23,17612.1,3468.94,7.11,19.09,64053
2024-08-26,17798.73,3502.96,7.12,19.22,62846
2024-08-27,17874.67,3501.29,7.12,18.58,59451
2024-08-28,17692.45,3445.46,7.13,18.83,59016
2024-08-29,17786.32,3461.22,7.09,18.75,59374
2024-08-30,17989.07,3560.61,7.09,19.28,59120
2024-09-02,17691.97,3486.4,7.12,19.35,59134
2024-09-03,17651.49,3496.49,7.12,18.3,57480
2024-09-04,17457.34,3482.84,7.11,18.98,57973
2024-09-05,17444.3,3487.8,7.09,18.03,56183
2024-09-09,17196.96,3436.75,7.12,19.06,57050
2024-09-10,17234.09,3450.73,7.13,18.78,57635
2024-09-11,17108.71,3450.92,7.13,19.25,57339
2024-09-12,17240.39,3475.25,7.12,18.93,58135
2024-09-13,17369.09,3479.8,7.1,18.62,60512
2024-09-16,17422.12,3497.45,7.1,18.2,58213
2024-09-17,17660.02,3536.57,7.11,18.65,60309
2024-09-19,18013.16,3651.56,7.07,19.34,62939
2024-09-20,18258.57,3703.84,7.04,18.89,63201
2024-09-23,18247.11,3698.27,7.06,18.55,63332
2024-09-24,19000.56,3915.58,7.01,21.85,64257
2024-09-25,19129.1,3924.45,7.03,22.14,63157
2024-09-26,19924.58,4209.71,6.97,27.32,65176
2024-09-27,20632.3,4453.24,6.98,31.24,65776
2024-09-30,21133.68,4751.81,7,32.66,63339
2024-10-02,22443.73,5157.08,7.04,40.99,60646
2024-10-03,22113.51,4978.64,7.05,38.39,60751
2024-10-04,22736.87,5227.13,7.1,40.08,62081
2024-10-07,23099.78,5386.48,7.07,44.5,62246
2024-10-08,20926.79,4695.81,7.07,40.1,62157
2024-10-09,20637.24,4640.75,7.09,39.59,60629
2024-10-10,21251.98,4736.1,7.08,39.6,60316
2024-10-14,21092.87,4668.18,7.1,34.8,66082
2024-10-15,20318.79,4450.95,7.14,31.27,67078
2024-10-16,20286.85,4402.37,7.14,31.47,67618
2024-10-17,20079.1,4349.77,7.14,30.22,67418
2024-10-18,20804.11,4600.85,7.12,32.77,68423
2024-10-21,20478.46,4491.9,7.14,31.3,67371
2024-10-22,20498.95,4521.63,7.13,31.17,67427
2024-10-23,20760.15,4605.62,7.14,32.09,66664
2024-10-24,20489.62,4483.99,7.12,31.94,68192
2024-10-25,20590.15,4538.03,7.13,33.54,66697
2024-10-28,20599.36,4574.07,7.14,32.66,69954
2024-10-29,20701.14,4623.84,7.14,32.89,72730
2024-10-30,20380.64,4513.68,7.12,32.94,72348
2024-10-31,20317.33,4499.15,7.12,32.5,70282
2024-11-01,20506.43,4483.91,7.14,32.78,69507
2024-11-04,20567.52,4532.18,7.11,32.32,67849
2024-11-05,21006.97,4693.85,7.1,33.28,69374
2024-11-06,20538.38,4574.5,7.2,31.61,75586
2024-11-07,20953.34,4677.64,7.15,32.38,75869
2024-11-08,20728.19,4668.26,7.2,30.9,76517
2024-11-11,20426.93,4651.71,7.23,25.28,88664
2024-11-12,19846.88,4456.86,7.24,25.07,87941
2024-11-13,19823.45,4455.67,7.24,25.06,90422
2024-11-14,19435.81,4318.32,7.25,25.19,87294
2024-11-15,19426.34,4327.84,7.24,26.16,91047
2024-11-18,19576.61,4341.53,7.22,24.89,90479
2024-11-19,19663.67,4395.04,7.23,23.37,92239
2024-11-20,19705.01,4413.08,7.25,22.77,94304
2024-11-21,19601.11,4358.15,7.25,22.26,98375
2024-11-22,19229.97,4246.2,7.26,22.36,98930
2024-11-25,19150.99,4235.31,7.24,21.99,93064
2024-11-26,19159.2,4221.99,7.26,21.59,91978
2024-11-27,19603.13,4374.44,7.24,23.4,95887
2024-11-28,19366.96,4307.75,7.25,23.24,95646
2024-11-29,19423.61,4353.55,7.25,22.99,97438
2024-12-02,19550.29,4405.95,7.28,22.92,95847
2024-12-03,19746.32,4417.99,7.3,23.31,95899
2024-12-04,19742.46,4404.04,7.28,23.27,98636
2024-12-05,19560.44,4370.22,7.26,22.08,96971
2024-12-06,19865.85,4464.65,7.28,22.55,99761
2024-12-09,20414.09,4656.8,7.27,26.32,97359
2024-12-10,20311.28,4591.94,7.26,26.5,96600
2024-12-11,20155.05,4531.58,7.28,24.66,101126
2024-12-12,20397.05,4600.82,7.27,25.38,100010
2024-12-13,19971.24,4479.6,7.28,21.88,101426
2024-12-16,19795.49,4414.7,7.29,21.48,106058
2024-12-17,19700.48,4389.08,7.29,20.75,106139
2024-12-18,19864.55,4468.85,7.32,21.05,100198
2024-12-19,19752.51,4439.47,7.31,21.27,97466
2024-12-20,19720.7,4444.19,7.29,20.92,97796
2024-12-23,19883.13,4457.85,7.31,21.15,94852
2024-12-24,20098.29,4507.65,7.31,21.33,98668
2024-12-27,20090.46,4538.59,7.3,21.53,94276
2024-12-30,20041.42,4500.6,7.31,22.33,92780
2024-12-31,20059.95,4468.11,7.33,22.35,93557
2025-01-02,19623.32,4357.53,7.34,22.59,96960
2025-01-03,19760.27,4403.12,7.36,22.24,98168
2025-01-06,19688.29,4395.08,7.35,22.28,102249
2025-01-07,19447.58,4354.8,7.34,23.24,96930
2025-01-08,19279.84,4307.4,7.35,23.16,95067
2025-01-09,19240.89,4311.54,7.35,22.78,92540
2025-01-10,19064.29,4260.82,7.36,22.8,94724
2025-01-13,18874.14,4221.92,7.35,23.46,94536
2025-01-14,19219.78,4352.04,7.34,24.14,96542
2025-01-15,19286.07,4363.79,7.35,23.46,100500
2025-01-16,19522.89,4417.37,7.35,22.47,100005
2025-01-17,19584.06,4479.19,7.34,22.47,104085
2025-01-20,19925.81,4595.2,7.26,24.26,102198
2025-01-21,20106.55,4693.72,7.27,24.5,106157
2025-01-22,19778.77,4581.09,7.28,21.86,103685
2025-01-23,19700.56,4515.48,7.29,21.55,103912
2025-01-24,20066.19,4657.61,7.24,22.39,104862
2025-01-27,20197.77,4687.34,7.25,24.24,102092
2025-01-28,20225.11,4723.63,7.27,24.59,101349
2025-02-03,20217.26,4737.46,7.31,25.94,101337
2025-02-04,20789.96,4977.38,7.29,27.52,97793
2025-02-05,20597.09,4930.2,7.28,26.03,96595
2025-02-06,20891.62,5059.38,7.29,25.18,96569
2025-02-07,21133.54,5150.35,7.3,25.58,96514
2025-02-10,21521.98,5286.66,7.31,26.93,97435
2025-02-11,21294.86,5142.31,7.31,25.48,95772
2025-02-12,21857.92,5281.18,7.31,26.86,97881
2025-02-13,21814.37,5235.28,7.27,27.49,96610
2025-02-14,22620.33,5526.22,7.26,29.54,97505
2025-02-17,22616.23,5499.26,7.26,29.41,95781
2025-02-18,22976.81,5639.05,7.27,29.05,95638
2025-02-19,22944.24,5672.24,7.28,27.16,96645
2025-02-20,22576.98,5500.02,7.23,26.74,98310
2025-02-21,23477.92,5859.3,7.25,28.44,96156
2025-02-24,23341.61,5789.52,7.25,29.02,91509
2025-02-25,23034.02,5698.82,7.25,28.1,88686
2025-02-26,23787.93,5953.79,7.26,29.1,84213
2025-02-27,23718.29,5881.01,7.3,29.05,84715
2025-02-28,22941.32,5568.14,7.29,30.35,84381
2025-03-03,23006.27,5535.86,7.3,28.59,86210
2025-03-04,22941.77,5535.64,7.25,27.88,87266
2025-03-05,23594.21,5757.94,7.24,27.23,90612
2025-03-06,24369.71,6068.77,7.24,28.86,89931
2025-03-07,24231.3,6037.44,7.24,28.72,86531
2025-03-10,23783.49,5885.49,7.26,27.61,78576
2025-03-11,23782.14,5967.23,7.23,27.66,82921
2025-03-12,23600.31,5845.36,7.24,27.16,83664
2025-03-13,23462.65,5747.77,7.25,26.12,81100
2025-03-14,23959.98,5880.78,7.24,26.47,83977
2025-03-17,24145.57,5872.81,7.23,26.77,84019
2025-03-18,24740.57,6105.5,7.23,26.95,82719
2025-03-19,24771.14,6041.19,7.23,25.48,86841
2025-03-20,24219.95,5836.28,7.25,24.65,84208
2025-03-21,23689.72,5639.56,7.26,24.11,84073
2025-03-24,23905.56,5736.83,7.26,24.28,87490
2025-03-25,23344.25,5517.52,7.26,23.86,87404
2025-03-26,23483.32,5573.04,7.28,24.22,86912
2025-03-27,23578.8,5589.12,7.27,24.48,87228
2025-03-28,23426.6,5506.47,7.27,23.92,84410
2025-03-31,23119.58,5394.72,7.26,24.93,82549
2025-04-01,23206.84,5407.38,7.28,24.14,85164
2025-04-02,23202.53,5426.44,7.29,24.18,82525
2025-04-03,22849.81,5313.26,7.28,24.78,83159
2025-04-07,19828.3,4401.51,7.34,47,79163
2025-04-08,20127.68,4568.38,7.42,39.13,76313
2025-04-09,20264.49,4689.19,7.34,39.77,82607
2025-04-10,20681.78,4813.74,7.31,37.43,79608
2025-04-11,20914.69,4900.43,7.28,39.3,83413
2025-04-14,21417.4,5015.12,7.31,34.63,84586
2025-04-15,21466.27,4981.6,7.33,30.47,83647
2025-04-16,21056.98,4796.28,7.3,31.59,84032
2025-04-17,21395.14,4887.37,7.3,30.79,84940
2025-04-22,21562.32,4899.21,7.31,29.75,93442
2025-04-23,22072.62,5049.4,7.29,28.62,93698
2025-04-24,21909.76,4975.89,7.29,28.65,93980
2025-04-25,21980.74,4982.96,7.29,28.07,94677
2025-04-28,21971.96,4988.94,7.29,27.84,94995
2025-04-29,22008.11,5019.73,7.27,26.48,94270
2025-04-30,22119.41,5087.42,7.27,26.53,94184
2025-05-02,22504.68,5244.06,7.21,27.4,96894
2025-05-06,22662.71,5239.5,7.21,27.15,96825
2025-05-07,22691.88,5200.04,7.23,27.49,97035
2025-05-08,22775.92,5228.91,7.24,27.02,103274
2025-05-09,22867.74,5180.25,7.24,27.04,102975
2025-05-12,23549.46,5447.35,7.2,27.11,102795
2025-05-13,23108.27,5269.66,7.2,25.11,104119
2025-05-14,23640.65,5381.78,7.21,25.43,103514
2025-05-15,23453.16,5297.84,7.21,24.56,103765
2025-05-16,23345.05,5281.34,7.21,23.66,103481
2025-05-19,23332.72,5255.06,7.21,23.87,105586
2025-05-20,23681.48,5315.56,7.21,24.02,106816
2025-05-21,23827.78,5342.41,7.2,23.66,109640
2025-05-22,23544.31,5251.75,7.2,23.71,111703
2025-05-23,23601.26,5246.87,7.17,23.07,107313
2025-05-26,23282.33,5157.65,7.18,24.27,109455
2025-05-27,23381.99,5182.6,7.19,23.4,108944
2025-05-28,23258.31,5174.64,7.19,22.74,107787
2025-05-29,23573.38,5301.92,7.19,22.89,105600
2025-05-30,23289.77,5170.43,7.2,23.05,103981
2025-06-02,23157.97,5134.11,7.21,24.58,105846
2025-06-03,23512.49,5189.49,7.19,24.76,105388
2025-06-04,23654.03,5219.02,7.17,23.71,104696
2025-06-05,23906.97,5319.96,7.18,23.35,101522
2025-06-06,23792.54,5286.52,7.19,22.5,104308
2025-06-09,24181.43,5433.23,7.18,23.2,110268
2025-06-10,24162.87,5392.19,7.19,23.41,110269
2025-06-11,24366.94,5451.2,7.2,23.17,108661
2025-06-12,24035.38,5331.33,7.17,22.88,105703
2025-06-13,23892.56,5239.71,7.19,23.33,106080
2025-06-16,24060.99,5299.91,7.18,22.43,106740
2025-06-17,23980.3,5291.85,7.19,22.09,104560
2025-06-18,23710.69,5214.41,7.19,21.72,104894
2025-06-19,23237.74,5088.32,7.19,22.54,104670
2025-06-20,23530.48,5133.14,7.18,21.45,103281
2025-06-23,23689.13,5187.01,7.18,21.59,105377
2025-06-24,24177.07,5297.96,7.16,21.16,106079
2025-06-25,24474.67,5359.02,7.17,21.53,107349
2025-06-26,24325.4,5345.16,7.16,21.09,106946
2025-06-27,24284.15,5341.43,7.17,20.38,107044
2025-06-30,24072.28,5302.82,7.16,20.16,107171
2025-07-02,24221.41,5269.11,7.16,20.31,108844
2025-07-03,24069.94,5233.71,7.17,20.13,109601
2025-07-04,23916.06,5216.26,7.16,20.16,107990
2025-07-07,23887.83,5229.56,7.18,20.19,108270
2025-07-08,24148.07,5325.95,7.18,20.35,108913
2025-07-09,23892.32,5231.99,7.18,19.93,111246
2025-07-10,24028.37,5216.6,7.18,20.22,115994
2025-07-11,24139.57,5248.48,7.17,21.49,117536
2025-07-14,24203.32,5283.5,7.17,21.4,119850
2025-07-15,24590.12,5431.29,7.18,22.95,117762
2025-07-16,24517.76,5418.4,7.18,22.19,118683
2025-07-17,24498.95,5448.85,7.18,21.61,119195
2025-07-18,24825.66,5538.83,7.18,22.15,117940
2025-07-21,24994.14,5585.5,7.17,22.58,117388
2025-07-22,25130.03,5606.83,7.17,22.53,119966
2025-07-23,25538.07,5745.74,7.15,23.28,118763
2025-07-24,25667.18,5743,7.15,22.93,118311
2025-07-25,25388.35,5677.9,7.17,22.59,117632
2025-07-28,25562.13,5664.02,7.18,22.99,118054
2025-07-29,25524.45,5644.38,7.18,22.07,117950
2025-07-30,25176.93,5490.76,7.21,21.06,117840
2025-07-31,24773.33,5453.14,7.21,21.36,115765
2025-08-01,24507.81,5397.4,7.19,21.35,113312
2025-08-04,24733.45,5481.25,7.18,21.47,115055
2025-08-05,24902.53,5521.07,7.19,20.5,114139
2025-08-06,24910.63,5532.17,7.19,20.39,115002
2025-08-07,25081.63,5546.73,7.18,20.65,117481
2025-08-08,24858.82,5460.3,7.19,20.53,116676
2025-08-11,24906.81,5460.02,7.2,20.68,119363
2025-08-12,24969.68,5439.16,7.2,19.68,118625
2025-08-13,25613.67,5630.78,7.18,21.17,119902
2025-08-14,25519.32,5576.03,7.17,20.58,121995
2025-08-15,25270.07,5543.17,7.19,19.7,119119
2025-08-18,25176.85,5579.18,7.18,20.45,115350
2025-08-19,25122.9,5542.03,7.18,19.83,114169
2025-08-20,25165.94,5541.27,7.18,19.44,113843
2025-08-21,25104.61,5498.5,7.18,19.06,113785
2025-08-22,25339.14,5647.68,7.18,20.13,113141
2025-08-25,25829.91,5825.09,7.16,21.85,111001
2025-08-26,25524.92,5782.24,7.16,20.41,109836
2025-08-27,25201.76,5697.53,7.16,19.97,110622
2025-08-28,24998.82,5644.02,7.14,20.04,113197
2025-08-29,25077.62,5674.31,7.13,21.02,110084
2025-09-01,25617.42,5798.96,7.13,21.6,109482
2025-09-02,25496.55,5728.46,7.15,20.98,110299
2025-09-03,25343.43,5683.74,7.15,20.93,111114
2025-09-04,25058.51,5578.86,7.14,20.62,110781
2025-09-05,25417.98,5687.45,7.14,20.41,112774
2025-09-08,25633.91,5753.75,7.13,20.16,111521
2025-09-09,25938.13,5828.74,7.12,20.34,113052
2025-09-10,26200.26,5902.69,7.12,20.73,112713
2025-09-11,26086.32,5888.77,7.12,21.18,114132
2025-09-12,26388.16,5989.27,7.12,21.47,115221
2025-09-15,26446.56,6043.61,7.12,21.66,115750
2025-09-16,26438.51,6077.66,7.11,21.47,115782
2025-09-17,26908.39,6334.24,7.1,22.46,116996
2025-09-18,26544.85,6271.22,7.1,21.79,117360
2025-09-19,26545.1,6294.42,7.11,21,117105
2025-09-22,26344.14,6257.91,7.12,21.62,112657
2025-09-23,26159.12,6167.06,7.11,20.59,113218
2025-09-24,26518.65,6323.15,7.13,21.38,112456
2025-09-25,26484.68,6379.19,7.13,20.43,112007
2025-09-26,26128.2,6195.11,7.14,20.2,109508
2025-09-29,26622.88,6324.25,7.12,21.12,112197
2025-09-30,26855.56,6465.66,7.13,21.22,113672
2025-10-01,26855.56,6465.66,7.12,21.22,115015
2025-10-02,27287.12,6682.86,7.13,21.65,118603
2025-10-03,27140.92,6622.85,7.13,21.03,119663
2025-10-06,26957.77,6550.3,7.15,20.86,123761
2025-10-07,26957.77,6550.3,7.14,20.86,123760
2025-10-08,26829.46,6514.19,7.15,21.39,121929
2025-10-09,26752.59,6471.34,7.13,21.91,121311
2025-10-10,26290.32,6259.75,7.13,22.21,121335
2025-10-13,25889.48,6145.51,7.14,26.3,115271
2025-10-14,25441.35,5923.26,7.15,27.22,111995
2025-10-15,25910.6,6075.27,7.13,25.03,113117
2025-10-16,25888.51,6003.56,7.13,25.87,110630
2025-10-17,25247.1,5760.38,7.13,28.88,105271
2025-10-20,25858.83,5933.17,7.13,25.48,111149
2025-10-21,26027.55,6007.94,7.12,24.71,107866
2025-10-22,25781.77,5923.09,7.13,24.03,108347
2025-10-23,25967.98,5951.45,7.12,24.71,109690
2025-10-24,26160.15,6059.89,7.13,25.07,110940
2025-10-27,26433.7,6171.08,7.11,24.08,115333
2025-10-28,26346.14,6093.44,7.1,23.22,113943
2025-10-29,26346.14,6093.44,7.1,23.22,113344
2025-10-30,26282.69,6051.76,7.11,21.89,110839
2025-10-31,25906.65,5908.08,7.12,21.1,109552
2025-11-03,26158.36,5922.48,7.13,21.14,107223
2025-11-04,25952.4,5818.29,7.12,21.26,104183
2025-11-05,25935.41,5785.85,7.13,21.76,101378
2025-11-06,26485.9,5944.22,7.13,20.95,103309
2025-11-07,26241.83,5837.36,7.13,21.53,101823
2025-11-10,26649.06,5915.56,7.12,21.64,106245
2025-11-11,26696.41,5924.39,7.12,21.3,105218
2025-11-12,26922.73,5933.99,7.12,20.29,103708
2025-11-13,27073.03,5981.3,7.1,20.74,103678
2025-11-14,26572.46,5812.8,7.1,21.13,96856
2025-11-17,26384.28,5756.88,7.11,21.33,95866
2025-11-18,25930.03,5645.73,7.11,22.44,90751
2025-11-19,25830.65,5606.9,7.11,21.94,91869
2025-11-20,25835.57,5574.59,7.12,20.86,92087
2025-11-21,25220.02,5395.49,7.11,23.31,84230
2025-11-24,25716.5,5545.56,7.11,21.34,86817
2025-11-25,25894.55,5612.03,7.09,21.41,87453
2025-11-26,25928.08,5618.36,7.08,19.39,87510
2025-11-27,25945.93,5598.05,7.08,18.69,91335
2025-11-28,25858.89,5599.11,7.08,18.17,91157
2025-12-01,26033.26,5644.76,7.07,18.38,86526
2025-12-02,26095.05,5624.04,7.07,17.97,86546
2025-12-03,25760.73,5534.92,7.06,18.21,92941
2025-12-04,25935.9,5615.43,7.06,18.13,93182
2025-12-05,26085.08,5662.46,7.07,17.55,92145
2025-12-08,25765.36,5662.55,7.07,18.24,91693
2025-12-09,25434.23,5554.68,7.07,18.36,90583
2025-12-10,25540.78,5581.1,7.06,18.55,92713
2025-12-11,25530.51,5534.59,7.05,17.58,90161
2025-12-12,25976.79,5638.05,7.05,17.28,92233
2025-12-15,25628.88,5498.42,7.05,17.56,89881
2025-12-16,25235.41,5402.51,7.04,18.47,86203
2025-12-17,25468.78,5457.95,7.04,17.57,86607
2025-12-18,25498.13,5418.29,7.04,17.67,86951
2025-12-19,25690.53,5479.04,7.04,17.11,87845
2025-12-22,25801.77,5526.83,7.03,17.36,89817
2025-12-23,25774.14,5488.89,7.02,16.71,87572
2025-12-24,25818.93,5499.3,7,16.46,86820
2025-12-25,25818.93,5499.3,7,16.46,87403
2025-12-26,25818.93,5499.3,7.01,16.46,88655
2025-12-29,25635.23,5483.01,7,18.08,89691
2025-12-30,25854.6,5578.38,6.98,18.04,87747
2025-12-31,25630.54,5515.98,6.99,18.98,88541
2026-01-01,25630.54,5515.98,6.97,18.98,87586
2026-01-02,26338.47,5736.44,6.97,20.03,88992
2026-01-05,26347.24,5741.63,6.98,20.46,92687
2026-01-06,26710.45,5825.26,6.98,21.48,93219
2026-01-07,26458.95,5738.52,6.99,21.63,92715
2026-01-08,26149.31,5678.34,6.98,21.6,90530
2026-01-09,26231.79,5687.14,6.98,20.7,90711
2026-01-12,26608.48,5863.2,6.97,21.1,91363
2026-01-13,26848.47,5869.79,6.97,21.4,91893
2026-01-14,26999.81,5908.26,6.97,21.94,95150
2026-01-15,26923.62,5828.35,6.97,21.3,96441
2026-01-16,26844.96,5822.18,6.97,20.68,95713
2026-01-19,26563.9,5749.98,6.96,20.69,93087
2026-01-20,26487.51,5683.44,6.95,20.35,91141
2026-01-21,26585.06,5746.3,6.96,20.45,89175
2026-01-22,26629.96,5762.44,6.96,19.99,89838
2026-01-23,26749.51,5798.01,6.96,20.08,89331
2026-01-26,26765.52,5725.99,6.95,20.19,88115
2026-01-27,27126.95,5754.72,6.95,20.45,88132
2026-01-28,27826.91,5900.16,6.94,22.55,88919
2026-01-29,27968.09,5841.1,6.94,22.08,88031
2026-01-30,27387.11,5718.18,6.95,22.55,82639
2026-02-02,27387.11,5526.31,6.95,24.4,76668
2026-02-03,26834.77,5467.26,6.93,23.4,78856
2026-02-04,26847.32,5366.44,6.93,22.49,76035
2026-02-05,26885.24,5406.13,6.94,23.43,71264
2026-02-06,26559.95,5346.2,6.94,24.01,65005
2026-02-09,27027.16,5417.6,6.92,23.02,70072
2026-02-10,27183.15,5451.03,6.91,22.03,68964
2026-02-11,27266.38,5499.99,6.91,21.38,66885
2026-02-12,27032.54,5408.98,6.9,21.27,66968
2026-02-13,26567.12,5360.42,6.91,23.28,66353
2026-02-16,26705.94,5367.52,6.88,24.27,68694
2026-02-17,26705.94,5367.52,6.89,24.27,68258
2026-02-18,26705.94,5367.52,6.88,24.27,68386
2026-02-19,26705.94,5367.52,6.9,24.27,66901
2026-02-20,26413.35,5211.5,6.9,24.36,67844
2026-02-23,27081.91,5385.35,6.88,24.61,65679
2026-02-24,26590.32,5270.7,6.88,24.47,63256
2026-02-25,26765.72,5260.5,6.86,23.09,65207
2026-02-26,26381.02,5109.33,6.84,23.28,68017
2026-02-27,26630.54,5137.84,6.85,22.18,67913
2026-03-02,26059.85,4989.37,6.89,25.47,65741
2026-03-03,25768.08,4876.53,6.9,26.25,67806
2026-03-04,25249.48,4829.5,6.92,28.42,69301
2026-03-05,25321.34,4796.33,6.9,26.55,71794
2026-03-06,25757.29,4947.5,6.9,26.73,70872
2026-03-09,25408.46,4941.73,6.93,28.92,67802
2026-03-10,25959.9,5060.53,6.87,25.6,70827
2026-03-11,25898.76,5054.85,6.87,25.24,69531
2026-03-12,25716.76,5027.64,6.88,25.56,69845
2026-03-13,25465.6,4988.435853,6.8852,29.086178,71376
2026-03-16,25834.02,4988.435853,6.8852,29.086178,73154.4
2026-03-17,25868.54,5110.69702,6.8961,27.116372,74032.9
2026-03-18,26025.42,5110.69702,6.8918,26.506041,74165.2
2026-03-19,25500.58,5115.707749,6.8904,27.962019,70013.7
2026-03-20,25277.32,4992.445137,6.8926,27.410697,70842.6
2026-03-23,24382.47,4715.735141,6.8917,28.86626,70637.4
2026-03-24,25063.71,4715.735141,6.8917,28.529159,70865.6
2026-03-25,25335.95,4839.994626,6.8925,28.957197,71243.8
2026-03-26,24856.43,4922.168644,6.8946,28.0903,70001
2026-03-27,24951.88,4751.812844,6.8985,29.219211,67957.8
2026-03-30,24750.79,4699.731131,6.9018,31.149168,67459.5
2026-03-31,24732.47,4653.595508,6.9114,30.914004,67699.7
2026-04-01,25294.03,4757.902217,6.9059,28.046851,68465.4
2026-04-02,25116.53,4675.660205,6.8951,27.666932,66421.3
2026-04-08,25893.02,4940.438478,6.8574,28.331203,71719
2026-04-09,25752.40039,4842.149501,6.8347,24.964122,71767.82813
2026-04-10,25893.53906,4870.232408,6.8284,24.824883,72979.04688
2026-04-13,25660.85,4830.114517,6.8284,24.824883,70806.9
